MOVEMENT_ID,mean_coordinate
1,[-118.12053321   34.10309557]
2,[-118.13785063   34.09645121]
3,[-118.13138209   34.09626386]
4,[-118.13224544   34.10349303]
5,[-118.14492317   34.0986815 ]
6,[-118.1528085   34.098628 ]
7,[-118.15075124   34.08341963]
8,[-118.15266639   34.09029573]
9,[-118.15023891   34.09595766]
10,[-118.14184446   34.08538654]
11,[-118.14162277   34.08013327]
12,[-118.13948648   34.07262509]
13,[-118.12911933   34.08759475]
14,[-118.11656383   34.09585388]
15,[-118.11315003   34.08121859]
16,[-118.12013004   34.08627508]
17,[-118.12602952   34.08456533]
18,[-118.12195981   34.07206641]
19,[-118.12637009   34.07659087]
20,[-118.14237141   34.06371094]
21,[-118.1589895    34.06994802]
22,[-118.14907131   34.06458611]
23,[-118.02458802   34.16641559]
24,[-118.05076541   34.15513302]
25,[-118.05385033   34.14265366]
26,[-118.04590074   34.14288099]
27,[-118.05794788   34.13033512]
28,[-118.06251639   34.12621528]
29,[-118.02466274   34.13765353]
30,[-118.0173786    34.12761491]
31,[-118.0173805    34.11636754]
32,[-118.00887226   34.12508532]
33,[-118.01777853   34.10409581]
34,[-118.04199798   34.1093223 ]
35,[-118.0448962    34.11831225]
36,[-118.05970688   34.12243708]
37,[-118.05366659   34.11131672]
38,[-117.99825209   34.09543192]
39,[-118.08350373   33.87690252]
40,[-118.07948407   33.86835637]
41,[-118.08062876   33.86132792]
42,[-117.91079295   34.13965798]
43,[-117.92074133   34.14873872]
44,[-117.90064863   34.15035921]
45,[-117.8913622    34.13688212]
46,[-117.88700063   34.11772844]
47,[-117.89410783   34.10799622]
48,[-117.89532858   34.12746769]
49,[-117.88627962   34.12701505]
50,[-117.90384881   34.12744793]
51,[-117.90265489   34.11780266]
52,[-117.91574078   34.12748959]
53,[-117.92135187   34.1211721 ]
54,[-117.92413315   34.11028977]
55,[-117.90980337   34.11060031]
56,[-117.90235906   34.11029806]
57,[-117.90283844   34.166266  ]
58,[-117.99535596   34.07208473]
59,[-117.9866034    34.07050069]
60,[-117.9903315    34.06412188]
61,[-117.97613065   34.07934462]
62,[-117.96700302   34.07298102]
63,[-117.96330187   34.06800936]
64,[-117.9770713    34.09626167]
65,[-117.9792149    34.08589221]
66,[-117.97156703   34.08661889]
67,[-117.96785671   34.10423943]
68,[-117.94873427   34.10454823]
69,[-117.96082402   34.09631741]
70,[-117.96222732   34.08821915]
71,[-117.95132804   34.08589539]
72,[-117.96347015   34.08260135]
73,[-117.9559671    34.07564118]
74,[-117.96739856   34.06327333]
75,[-117.97331264   34.06472486]
76,[-118.00315917   34.05913217]
77,[-118.16879058   33.99212754]
78,[-118.19460307   33.98065181]
79,[-118.19844176   33.97718283]
80,[-118.19665772   33.97217828]
81,[-118.16896151   33.98282153]
82,[-118.18348441   33.97388149]
83,[-118.17866242   33.97600933]
84,[-118.17538364   33.97475612]
85,[-118.17005788   33.97164525]
86,[-118.11364214   33.89017516]
87,[-118.12090602   33.90596655]
88,[-118.13927538   33.90482779]
89,[-118.13267851   33.89999556]
90,[-118.13507006   33.89227386]
91,[-118.1231598   33.8913832]
92,[-118.12017277   33.89955213]
93,[-118.11897058   33.89288202]
94,[-118.11989086   33.88617334]
95,[-118.13918991   33.88439216]
96,[-118.1236778    33.87998089]
97,[-118.12659431   33.88452674]
98,[-118.14566789   33.88284431]
99,[-118.14676044   33.87331607]
100,[-118.13956467   33.8755502 ]
101,[-118.12915274   33.87510506]
102,[-118.12101669   33.87472563]
103,[-118.11437023   33.87437315]
104,[-118.15518552   33.97317714]
105,[-118.15401579   33.96805158]
106,[-118.14676368   33.96689391]
107,[-118.13758813   33.96879982]
108,[-118.16656597   33.97135513]
109,[-118.16115129   33.96909393]
110,[-118.16675747   33.95719906]
111,[-118.16233636   33.95845456]
112,[-118.15539165   33.95619487]
113,[-118.40233062   34.09265458]
114,[-118.41597519   34.08200913]
115,[-118.39827073   34.07141114]
116,[-118.38071994   34.06835375]
117,[-118.38242856   34.06381898]
118,[-118.3955204    34.06284553]
119,[-118.40462141   34.06019825]
120,[-117.97288598   34.1502026 ]
121,[-118.361087    34.1945646]
122,[-118.3118506    34.20150542]
123,[-118.30369326   34.19288581]
124,[-118.29446136   34.18704411]
125,[-118.31874364   34.20006951]
126,[-118.33567045   34.20219227]
127,[-118.33978783   34.1956118 ]
128,[-118.32780507   34.1943688 ]
129,[-118.31756819   34.19149487]
130,[-118.31253689   34.18602864]
131,[-118.30743636   34.18057961]
132,[-118.30113581   34.17474324]
133,[-118.32115162   34.17560041]
134,[-118.33021516   34.18275375]
135,[-118.34320931   34.18517469]
136,[-118.35307035   34.1852043 ]
137,[-118.35212949   34.17382656]
138,[-118.34426185   34.17531407]
139,[-118.34998418   34.16191818]
140,[-118.33874232   34.16315661]
141,[-118.33688295   34.15326018]
142,[-118.31949822   34.16015847]
143,[-118.30699404   34.1674922 ]
144,[-118.31045979   34.17196438]
145,[-118.35424455   34.19946616]
146,[-118.6304866    34.13271559]
147,[-118.6548935   34.1217105]
148,[-118.67506015   34.13454434]
149,[-118.66708641   34.14369042]
150,[-118.26391322   33.80463578]
151,[-118.27167195   33.87676257]
152,[-118.25986455   33.8803902 ]
153,[-118.24821275   33.87988337]
154,[-118.23953688   33.85236714]
155,[-118.2492955    33.83868444]
156,[-118.25120146   33.86376541]
157,[-118.25811579   33.85382622]
158,[-118.27160724   33.85482692]
159,[-118.28189378   33.83863566]
160,[-118.28159974   33.82282694]
161,[-118.28266838   33.8063637 ]
162,[-118.26994417   33.82238944]
163,[-118.26813451   33.81293123]
164,[-118.26877937   33.80347064]
165,[-118.27451758   33.84265016]
166,[-118.26993406   33.82834233]
167,[-118.25471093   33.82882159]
168,[-118.25846698   33.81322974]
169,[-118.21472315   33.84034594]
170,[-118.21992239   33.82898786]
171,[-118.22336875   33.82485438]
172,[-118.23727106   33.80788992]
173,[-118.23980642   33.84239431]
174,[-118.03663189   33.88054321]
175,[-118.05255631   33.87182122]
176,[-118.06691117   33.885731  ]
177,[-118.07223781   33.87327529]
178,[-118.07799459   33.85443324]
179,[-118.06879233   33.85722148]
180,[-118.0516509    33.86462921]
181,[-118.03697909   33.86489395]
182,[-118.05294696   33.85146242]
183,[-118.09857907   33.87303726]
184,[-118.09359986   33.85169849]
185,[-118.17831233   34.01169956]
186,[-118.17330637   34.01074754]
187,[-118.14504904   34.00456696]
188,[-118.14550397   33.98083522]
189,[-118.17266491   34.00047409]
190,[-118.1663636    33.98261785]
191,[-118.2551847    33.89783307]
192,[-118.25281443   33.90694   ]
193,[-118.24103412   33.91210656]
194,[-118.22042857   33.91265708]
195,[-118.21213584   33.90748535]
196,[-118.20835117   33.89941431]
197,[-118.21965617   33.90062383]
198,[-118.1953505    33.90889669]
199,[-118.18866271   33.90615029]
200,[-118.202115     33.90502616]
201,[-118.1955246    33.90533184]
202,[-118.19085855   33.90208542]
203,[-118.199254     33.89451779]
204,[-118.18678248   33.89182267]
205,[-118.1956265    33.88616168]
206,[-118.21159195   33.89265449]
207,[-118.21193295   33.87991864]
208,[-118.23805984   33.89270134]
209,[-118.22709722   33.89274357]
210,[-118.22586942   33.9064704 ]
211,[-118.22446073   33.900328  ]
212,[-118.23738959   33.90151074]
213,[-118.24779878   33.90104986]
214,[-118.24448869   33.89192405]
215,[-118.25668543   33.89144991]
216,[-118.25247048   33.88428826]
217,[-118.23340957   33.88520665]
218,[-118.22918279   33.87801358]
219,[-118.22586418   33.86981731]
220,[-118.2422283    33.87054995]
221,[-117.8636981    34.07704484]
222,[-117.85758971   34.08924029]
223,[-117.84833259   34.09296071]
224,[-117.87527188   34.0965888 ]
225,[-117.87135804   34.08734541]
226,[-117.87443279   34.10375105]
227,[-117.84973169   34.10262559]
228,[-117.926005     34.08839654]
229,[-117.91190205   34.0846832 ]
230,[-117.9212969    34.09013827]
231,[-117.91215793   34.09201265]
232,[-117.9079304   34.1044612]
233,[-117.89147567   34.10230907]
234,[-117.902718     34.09026225]
235,[-117.89096249   34.09025916]
236,[-117.89010998   34.08262428]
237,[-117.89564307   34.07637   ]
238,[-118.17030909   33.9596262 ]
239,[-118.18567866   33.96097972]
240,[-118.17575803   33.95913419]
241,[-118.1972164    33.96874424]
242,[-118.19051745   33.96681149]
243,[-118.18324433   33.96578496]
244,[-118.174896     33.96558757]
245,[-118.38400177   34.02374856]
246,[-118.39567352   34.0145972 ]
247,[-118.38436987   34.01490729]
248,[-118.39703911   33.99670713]
249,[-118.4021854    34.00564988]
250,[-118.4087274    34.01123866]
251,[-118.41596144   34.00515495]
252,[-118.42963356   33.99700049]
253,[-118.38969852   33.98649219]
254,[-117.85365933   33.99970961]
255,[-117.84879976   33.99119616]
256,[-117.84988167   33.97635121]
257,[-117.8296952    34.01084702]
258,[-117.83511457   33.99501731]
259,[-117.82657713   33.99942785]
260,[-117.83782049   33.97147347]
261,[-117.85197046   33.96954255]
262,[-118.09723964   33.94585724]
263,[-118.0905725    33.93179075]
264,[-118.09710461   33.9363903 ]
265,[-118.10598715   33.95023429]
266,[-118.11711098   33.9618172 ]
267,[-118.12256925   33.95513811]
268,[-118.12976171   33.96708237]
269,[-118.14718848   33.95087247]
270,[-118.12812914   33.94195556]
271,[-118.12509936   33.94653569]
272,[-118.1141274   33.9373295]
273,[-118.12628286   33.92188402]
274,[-118.11849057   33.92587671]
275,[-118.14566743   33.92836135]
276,[-118.13766591   33.92380116]
277,[-118.1331069    33.93524906]
278,[-118.15616265   33.9446623 ]
279,[-118.14603784   33.94088216]
280,[-118.15714388   33.9355437 ]
281,[-118.15281481   33.92717322]
282,[-118.16185827   33.92520393]
283,[-118.14652031   33.91648294]
284,[-118.12811393   33.91294586]
285,[-118.1468887    33.90836128]
286,[-117.95240478   34.13835708]
287,[-117.94347146   34.16067785]
288,[-117.97771498   34.13897174]
289,[-117.98101401   34.12776631]
290,[-118.03177066   34.09433963]
291,[-118.02503656   34.09715744]
292,[-118.0425203   34.0920421]
293,[-118.05737737   34.08551238]
294,[-118.04506137   34.08792687]
295,[-118.02148122   34.09175561]
296,[-118.02630931   34.08593664]
297,[-118.01058779   34.09390076]
298,[-118.01434315   34.08282625]
299,[-118.00440724   34.08253422]
300,[-118.03429256   34.07454645]
301,[-118.04825532   34.07820174]
302,[-118.05351453   34.07888616]
303,[-118.059249   34.083781]
304,[-118.05998527   34.06709707]
305,[-118.05933815   34.06415164]
306,[-118.03729      34.06803996]
307,[-118.01396964   34.06323129]
308,[-118.01910171   34.0709319 ]
309,[-118.01278581   34.06973906]
310,[-118.00759488   34.07128159]
311,[-118.00568596   34.07021933]
312,[-118.04269921   34.06043203]
313,[-118.03553834   34.05998963]
314,[-118.02729512   34.0641454 ]
315,[-118.05375091   34.06039224]
316,[-118.03314936   34.05277746]
317,[-118.01843972   34.05963015]
318,[-118.02634981   34.05296968]
319,[-118.01491511   34.05133353]
320,[-118.02184902   34.04706638]
321,[-118.40392648   33.9275019 ]
322,[-118.4030654   33.9204744]
323,[-118.42014947   33.9276872 ]
324,[-118.41750106   33.91995571]
325,[-118.38430965   33.91599813]
326,[-118.41992792   33.91000236]
327,[-118.29928667   33.86753592]
328,[-118.31978754   33.9095647 ]
329,[-118.30542296   33.90821991]
330,[-118.29732679   33.90208321]
331,[-118.2967888    33.89266753]
332,[-118.30493257   33.89863435]
333,[-118.30417003   33.89102558]
334,[-118.29633506   33.88676743]
335,[-118.29658078   33.8777695 ]
336,[-118.29983583   33.86952438]
337,[-118.30599818   33.88442239]
338,[-118.30646294   33.87705329]
339,[-118.31292267   33.89326795]
340,[-118.32161343   33.89857222]
341,[-118.32244256   33.89028841]
342,[-118.2506387    34.24278523]
343,[-118.2549141    34.22597772]
344,[-118.246649     34.22084771]
345,[-118.23554154   34.20773455]
346,[-118.24261384   34.1950912 ]
347,[-118.25036583   34.17439719]
348,[-118.21922197   34.18521659]
349,[-118.20648825   34.16952915]
350,[-118.20220349   34.1569028 ]
351,[-118.23168974   34.1576695 ]
352,[-118.24429616   34.16357403]
353,[-118.26069012   34.16623035]
354,[-118.26042655   34.16135024]
355,[-118.27231254   34.16883694]
356,[-118.27191445   34.16286022]
357,[-118.26896      34.17435345]
358,[-118.2830182    34.18119773]
359,[-118.28543364   34.17399509]
360,[-118.28715303   34.17130341]
361,[-118.28769045   34.16263276]
362,[-118.2981604    34.16041638]
363,[-118.27345658   34.15859315]
364,[-118.26783238   34.15140652]
365,[-118.26123932   34.1556767 ]
366,[-118.25963851   34.148876  ]
367,[-118.2447018    34.15552477]
368,[-118.25058391   34.14876795]
369,[-118.24444258   34.14823739]
370,[-118.23784719   34.14877542]
371,[-118.23709699   34.13388201]
372,[-118.23815423   34.14264945]
373,[-118.23245326   34.14669106]
374,[-118.24905075   34.1446301 ]
375,[-118.24895015   34.14108379]
376,[-118.26247708   34.14481274]
377,[-118.262027     34.14040019]
378,[-118.25898948   34.13027146]
379,[-118.2488876    34.13802263]
380,[-118.24956954   34.13486892]
381,[-118.25318769   34.12750386]
382,[-118.24626322   34.13025084]
383,[-118.23864556   34.26111578]
384,[-117.82467288   34.13885138]
385,[-117.82810402   34.1499674 ]
386,[-117.87323782   34.15698469]
387,[-117.87947022   34.16166049]
388,[-117.88644509   34.14146265]
389,[-117.87712184   34.13733949]
390,[-117.85454409   34.14212079]
391,[-117.86600526   34.14170464]
392,[-117.85668565   34.12480654]
393,[-117.86688824   34.13122395]
394,[-117.83602375   34.12434187]
395,[-117.83331136   34.11532583]
396,[-117.85748313   34.11294545]
397,[-117.87259067   34.12120431]
398,[-117.87189839   34.11193207]
399,[-117.88192873   34.10701236]
400,[-118.07715032   33.83406377]
401,[-118.06722602   33.8333267 ]
402,[-118.07755974   33.82790766]
403,[-118.06693071   33.82659366]
404,[-118.33144634   33.92541172]
405,[-118.35973512   33.93234158]
406,[-118.34923838   33.93280455]
407,[-118.33976702   33.92776365]
408,[-118.3571076    33.92764216]
409,[-118.34736896   33.92900002]
410,[-118.34709907   33.92018457]
411,[-118.35873412   33.92045423]
412,[-118.36585774   33.92776102]
413,[-118.36633548   33.90358991]
414,[-118.37393229   33.90573129]
415,[-118.35796652   33.90859512]
416,[-118.34766031   33.91368991]
417,[-118.34848389   33.90473239]
418,[-118.33719135   33.90464092]
419,[-118.34230424   33.90518694]
420,[-118.32909722   33.90727519]
421,[-118.32999826   33.90340626]
422,[-118.34061563   33.91352382]
423,[-118.33481713   33.9198269 ]
424,[-118.32056354   33.92204604]
425,[-118.34337762   33.89394785]
426,[-118.34100998   33.89834528]
427,[-118.33121485   33.90003751]
428,[-118.36799241   33.89611855]
429,[-118.39275019   33.86893654]
430,[-118.40540964   33.87048546]
431,[-118.40144004   33.86863104]
432,[-118.38864806   33.86098287]
433,[-118.39806713   33.85850358]
434,[-118.65489982   34.15918812]
435,[-118.22158473   33.99071486]
436,[-118.23387115   33.98507806]
437,[-118.22898664   33.98374568]
438,[-118.22482717   33.98345793]
439,[-118.22089959   33.98248581]
440,[-118.23777483   33.98501738]
441,[-118.2362856    33.97771228]
442,[-118.23195906   33.9775516 ]
443,[-118.22426074   33.97671916]
444,[-118.21638926   33.98254978]
445,[-118.21664846   33.9790122 ]
446,[-118.2154226    33.97436889]
447,[-118.20808716   33.98220595]
448,[-118.20871327   33.97794507]
449,[-118.20700069   33.97465208]
450,[-118.20089513   33.98628645]
451,[-118.19451017   33.98522552]
452,[-118.190518     33.98513294]
453,[-118.20724587   33.96758759]
454,[-118.1999428    33.96679709]
455,[-117.85569039   34.00739572]
456,[-117.83443241   34.01461976]
457,[-117.9856075    34.06277838]
458,[-117.98551295   34.06180248]
459,[-117.99472595   34.05551724]
460,[-117.940085    34.0344212]
461,[-117.93217161   34.0267175 ]
462,[-117.92185528   34.01498936]
463,[-117.90876114   34.00664343]
464,[-117.96422843   34.02042817]
465,[-117.91463932   34.00165302]
466,[-117.87726089   33.9994237 ]
467,[-118.00828222   34.05232796]
468,[-118.01409993   34.04289581]
469,[-118.00805433   34.03134019]
470,[-117.97529843   34.01604843]
471,[-118.01730269   34.02852968]
472,[-117.96112245   34.01439327]
473,[-118.00902458   34.06193513]
474,[-118.01241805   34.04898813]
475,[-118.04666933   34.01970259]
476,[-118.32046791   33.93530206]
477,[-118.33112287   33.92767924]
478,[-118.32062532   33.94180096]
479,[-118.33207641   33.94196152]
480,[-118.33323478   33.95078501]
481,[-118.33758338   33.95807887]
482,[-118.32374868   33.95587623]
483,[-118.32368533   33.96409862]
484,[-118.3353207    33.96626187]
485,[-118.35235937   33.97119898]
486,[-118.35291042   33.97800602]
487,[-118.34171966   33.97479344]
488,[-118.34972786   33.96374558]
489,[-118.34822667   33.95712807]
490,[-118.34808815   33.94938382]
491,[-118.35771018   33.94935451]
492,[-118.35628967   33.96319348]
493,[-118.35596263   33.95581737]
494,[-118.36315497   33.97915733]
495,[-118.36312744   33.96866191]
496,[-118.36153326   33.97346611]
497,[-118.37008517   33.9595398 ]
498,[-118.36548584   33.95151447]
499,[-118.36524679   33.94410826]
500,[-118.3450358    33.93371127]
501,[-118.3503605    33.94391212]
502,[-118.34432885   33.9402069 ]
503,[-118.33901415   33.94161794]
504,[-118.33942426   33.93383069]
505,[-118.33144266   33.93371407]
506,[-118.3439732   33.9308618]
507,[-118.31921709   33.93080291]
508,[-118.3741826    33.98155405]
509,[-117.96512858   34.10922314]
510,[-117.93797462   34.09222537]
511,[-118.227015     34.23005188]
512,[-118.22744217   34.22804517]
513,[-118.2310955    34.21842921]
514,[-118.2224894    34.21204154]
515,[-118.18056971   34.18642186]
516,[-118.18650922   34.21215387]
517,[-118.19165139   34.20612054]
518,[-118.22109104   34.22720654]
519,[-118.19101993   34.18984548]
520,[-117.92801819   33.97135581]
521,[-117.94748877   33.97466346]
522,[-117.95277991   33.97370073]
523,[-117.92575678   33.95551892]
524,[-117.9410476    33.95892532]
525,[-117.97024187   33.95812677]
526,[-118.09061667   33.84354248]
527,[-118.0889854   33.834545 ]
528,[-118.07898364   33.83859244]
529,[-118.06272331   33.84247879]
530,[-118.06330141   33.83538476]
531,[-118.11887774   33.86363888]
532,[-118.12851565   33.86483065]
533,[-118.14260237   33.8650293 ]
534,[-118.15217754   33.85473168]
535,[-118.15898723   33.85126615]
536,[-118.133217     33.85368246]
537,[-118.10416457   33.85125686]
538,[-118.12062241   33.85560153]
539,[-118.09928895   33.83974757]
540,[-118.1165193   33.8428293]
541,[-118.1148394   33.8363944]
542,[-118.15273013   33.84006991]
543,[-118.15944525   33.83290988]
544,[-118.16560481   33.85181952]
545,[-118.16421875   33.83901725]
546,[-118.16506293   33.82905721]
547,[-118.01050532   33.92139138]
548,[-118.00173383   33.9146525 ]
549,[-117.99003283   33.91767665]
550,[-117.98652701   33.90849309]
551,[-117.99349745   33.89546035]
552,[-118.00345395   33.89792484]
553,[-118.00701548   33.89066624]
554,[-118.01699408   33.88756079]
555,[-118.01552637   33.9069158 ]
556,[-118.02233715   33.90763426]
557,[-118.03423909   33.90983587]
558,[-117.97465994   34.05443385]
559,[-117.96805261   34.04952872]
560,[-117.98015808   34.05248923]
561,[-117.9725598    34.04877965]
562,[-117.97556981   34.04309031]
563,[-117.95785985   34.03386138]
564,[-117.95340671   34.03946952]
565,[-117.95392683   34.03848   ]
566,[-117.94806975   34.04716242]
567,[-117.94878603   34.03851576]
568,[-117.94513989   34.03052494]
569,[-117.92918768   34.01313615]
570,[-117.94550543   34.02058627]
571,[-118.34789007   33.89891386]
572,[-118.34781868   33.89155403]
573,[-118.35988821   33.89537835]
574,[-118.356179     33.88418955]
575,[-118.35646896   33.87714658]
576,[-118.34750113   33.88219111]
577,[-118.31617542   33.80282603]
578,[-118.31292438   33.79628743]
579,[-118.32302327   33.79791969]
580,[-118.317861     33.78324872]
581,[-118.31324692   33.77670211]
582,[-118.30839736   33.77769455]
583,[-118.21158531   33.83519612]
584,[-118.21483645   33.82761359]
585,[-118.07004431   33.82175646]
586,[-118.15167875   33.86535344]
587,[-118.18173142   33.87942638]
588,[-118.15760638   33.87854056]
589,[-118.15491145   33.87150693]
590,[-118.18837838   33.87407363]
591,[-118.19145359   33.86061189]
592,[-118.19416942   33.85645275]
593,[-118.19834661   33.86932685]
594,[-118.2054884    33.87797909]
595,[-118.19691603   33.87661236]
596,[-118.18020749   33.86985257]
597,[-118.16899855   33.86788116]
598,[-118.18053772   33.85438511]
599,[-118.17130424   33.85575033]
600,[-118.16416167   33.85646965]
601,[-118.13286007   33.84064428]
602,[-118.18521091   33.84061894]
603,[-118.17173464   33.84694627]
604,[-118.169436     33.84123839]
605,[-118.1819779    33.85064607]
606,[-118.20236933   33.84978672]
607,[-118.19147503   33.84867664]
608,[-118.18631823   33.84956689]
609,[-118.20046323   33.83424716]
610,[-118.17661528   33.83169461]
611,[-118.17606349   33.82218472]
612,[-118.19293715   33.82188142]
613,[-118.20100724   33.82299883]
614,[-118.1940942    33.81573708]
615,[-118.19481441   33.80812328]
616,[-118.21845684   33.82127987]
617,[-118.20920977   33.81468864]
618,[-118.21063777   33.8243897 ]
619,[-118.21904209   33.81784091]
620,[-118.21402262   33.80815262]
621,[-118.21264541   33.79960688]
622,[-118.2218724    33.79518398]
623,[-118.21081043   33.79346584]
624,[-118.19137926   33.79327274]
625,[-118.20251388   33.79224642]
626,[-118.19602806   33.79230681]
627,[-118.19738805   33.80092936]
628,[-118.18455684   33.80179952]
629,[-118.18465028   33.79303548]
630,[-118.17633086   33.79408941]
631,[-118.15679833   33.79696556]
632,[-118.13261967   33.82687198]
633,[-118.10860234   33.82738511]
634,[-118.09713387   33.82548546]
635,[-118.07489463   33.81354439]
636,[-118.10004714   33.81470184]
637,[-118.11993022   33.81546168]
638,[-118.129643     33.80334715]
639,[-118.14134011   33.80185906]
640,[-118.11672453   33.80006202]
641,[-118.10177208   33.8019095 ]
642,[-118.09808174   33.78822631]
643,[-118.11455682   33.78148576]
644,[-118.11028871   33.77815153]
645,[-118.11814897   33.77843897]
646,[-118.12678994   33.78455873]
647,[-118.12699492   33.79068433]
648,[-118.13932911   33.79078693]
649,[-118.1481822    33.79383938]
650,[-118.14216908   33.78753892]
651,[-118.163508     33.78897852]
652,[-118.16162724   33.78406724]
653,[-118.15287896   33.7876067 ]
654,[-118.17656246   33.78647954]
655,[-118.17018295   33.78573689]
656,[-118.18512062   33.78589292]
657,[-118.19958751   33.787798  ]
658,[-118.1915672   33.7866101]
659,[-118.21696425   33.78726556]
660,[-118.20215829   33.77849259]
661,[-118.19658914   33.77821807]
662,[-118.19381518   33.77978718]
663,[-118.20174659   33.77250995]
664,[-118.19493179   33.77167432]
665,[-118.19416296   33.76310184]
666,[-118.18596507   33.77227855]
667,[-118.18894752   33.78005281]
668,[-118.18253394   33.77861513]
669,[-118.17829619   33.77894669]
670,[-118.17429829   33.77887953]
671,[-118.16968075   33.77932125]
672,[-118.1786595   33.7717677]
673,[-118.17393052   33.77154948]
674,[-118.16944891   33.77150305]
675,[-118.18076659   33.7643241 ]
676,[-118.17030363   33.76440984]
677,[-118.16136655   33.76340155]
678,[-118.16495372   33.77155203]
679,[-118.15743518   33.77206965]
680,[-118.1641437    33.77922125]
681,[-118.15723828   33.78078244]
682,[-118.15589844   33.77684978]
683,[-118.1387781   33.7787429]
684,[-118.14739616   33.77031642]
685,[-118.14955839   33.76209378]
686,[-118.13825111   33.75759961]
687,[-118.13280698   33.76203744]
688,[-118.12176936   33.75474035]
689,[-118.12433365   33.74988698]
690,[-118.11334529   33.76977953]
691,[-118.12687843   33.76588935]
692,[-118.11129299   33.75486077]
693,[-118.08927024   33.80885798]
694,[-118.10667791   33.76318907]
695,[-118.15842654   33.81318243]
696,[-118.21751426   33.76119008]
697,[-118.29482112   34.26008425]
698,[-118.29409608   34.26960165]
699,[-118.29105503   34.25076337]
700,[-118.27952048   34.25166522]
701,[-118.27287258   34.24626369]
702,[-118.29481986   34.24310354]
703,[-118.35218745   34.22295466]
704,[-118.34600372   34.21764441]
705,[-118.34837861   34.21001963]
706,[-118.32820282   34.24247783]
707,[-118.30693772   34.27414465]
708,[-118.3041223   34.2614321]
709,[-118.34566162   34.27462274]
710,[-118.35250638   34.25887915]
711,[-118.31342584   34.25429406]
712,[-118.39568026   34.28049837]
713,[-118.40139613   34.2772826 ]
714,[-118.39591275   34.27313161]
715,[-118.37408147   34.27905693]
716,[-118.41792893   34.28730513]
717,[-118.40979125   34.27876662]
718,[-118.39614713   34.28963689]
719,[-118.43161169   34.2749061 ]
720,[-118.42282531   34.27408425]
721,[-118.43443215   34.2675382 ]
722,[-118.43634697   34.25986823]
723,[-118.43049487   34.26177988]
724,[-118.424407     34.25384957]
725,[-118.41740367   34.26068478]
726,[-118.42088883   34.25641467]
727,[-118.4168469   34.2665133]
728,[-118.39985811   34.25733473]
729,[-118.40778454   34.26169263]
730,[-118.41007358   34.25128153]
731,[-118.41578122   34.24577011]
732,[-118.41840955   34.24332509]
733,[-118.44574181   34.32570342]
734,[-118.42633798   34.32615889]
735,[-118.40814156   34.31677975]
736,[-118.41029999   34.3086942 ]
737,[-118.42089988   34.30587814]
738,[-118.42787672   34.30396963]
739,[-118.43865163   34.30269006]
740,[-118.44853777   34.31395192]
741,[-118.45682044   34.32488113]
742,[-118.43605667   34.31070678]
743,[-118.4389983   34.3133792]
744,[-118.4902444    34.32215618]
745,[-118.46015076   34.30656318]
746,[-118.51247468   34.30915094]
747,[-118.47476955   34.3046811 ]
748,[-118.50864102   34.29833662]
749,[-118.50931314   34.28985101]
750,[-118.51936895   34.28945631]
751,[-118.49506735   34.28844212]
752,[-118.49536123   34.28202568]
753,[-118.45593483   34.29131371]
754,[-118.45817226   34.28826564]
755,[-118.4445539    34.29989025]
756,[-118.44763262   34.29622456]
757,[-118.54197611   34.28058576]
758,[-118.55507864   34.28130268]
759,[-118.54190007   34.28632933]
760,[-118.54589736   34.29294629]
761,[-118.56233046   34.28553825]
762,[-118.58088262   34.28396412]
763,[-118.46244572   34.27659814]
764,[-118.47719798   34.27630294]
765,[-118.48160056   34.2724625 ]
766,[-118.45639665   34.26956971]
767,[-118.44315005   34.27522591]
768,[-118.44799424   34.26159714]
769,[-118.46481275   34.253502  ]
770,[-118.46253665   34.26272541]
771,[-118.48438148   34.26541926]
772,[-118.48706248   34.25354789]
773,[-118.4912426   34.2677474]
774,[-118.51223755   34.27641308]
775,[-118.51997097   34.26691994]
776,[-118.54918363   34.26508911]
777,[-118.53919618   34.25337168]
778,[-118.53450685   34.26974513]
779,[-118.5220121    34.26204912]
780,[-118.51596593   34.25508227]
781,[-118.49281834   34.25666208]
782,[-118.58981447   34.26815043]
783,[-118.56354069   34.26758733]
784,[-118.6102306    34.22807996]
785,[-118.6036088    34.22858093]
786,[-118.59202711   34.22658108]
787,[-118.61703425   34.24546598]
788,[-118.56085991   34.24479202]
789,[-118.57437451   34.24140674]
790,[-118.593677     34.25369413]
791,[-118.56464114   34.25320243]
792,[-118.56338305   34.23100405]
793,[-118.58762217   34.23532122]
794,[-118.58693752   34.2239467 ]
795,[-118.51333433   34.23795747]
796,[-118.52690533   34.24741829]
797,[-118.52212624   34.23677835]
798,[-118.54018076   34.24395656]
799,[-118.54055746   34.23311195]
800,[-118.54607383   34.24047362]
801,[-118.54837517   34.22672942]
802,[-118.51490367   34.22385167]
803,[-118.53316558   34.22736508]
804,[-118.54378      34.22656546]
805,[-118.45915121   34.23883871]
806,[-118.456057     34.24588581]
807,[-118.47134894   34.24501429]
808,[-118.47405688   34.24501459]
809,[-118.49213053   34.24261263]
810,[-118.49779918   34.2321428 ]
811,[-118.49419248   34.22438785]
812,[-118.477561     34.22745388]
813,[-118.470175     34.23372583]
814,[-118.46986529   34.23075943]
815,[-118.46947617   34.22477983]
816,[-118.4609667   34.2335146]
817,[-118.46182883   34.22958322]
818,[-118.46107895   34.22569557]
819,[-118.4159095   34.2321631]
820,[-118.42854056   34.24535404]
821,[-118.44029867   34.24696933]
822,[-118.44286543   34.25871757]
823,[-118.45194509   34.24765639]
824,[-118.45463675   34.23936492]
825,[-118.45135167   34.23345033]
826,[-118.444817     34.23782971]
827,[-118.44604186   34.24030914]
828,[-118.43707667   34.23803778]
829,[-118.42615832   34.218958  ]
830,[-118.43004546   34.23472577]
831,[-118.44180839   34.22937199]
832,[-118.46383072   34.21829372]
833,[-118.4536493    34.21588726]
834,[-118.45002073   34.21467213]
835,[-118.45108752   34.2277841 ]
836,[-118.44894102   34.22584518]
837,[-118.44542204   34.23028884]
838,[-118.45743038   34.22354775]
839,[-118.4576966   34.2267498]
840,[-118.45737788   34.23124494]
841,[-118.43753439   34.21540468]
842,[-118.43393001   34.21826572]
843,[-118.40739181   34.22818053]
844,[-118.40361357   34.20948552]
845,[-118.36653713   34.22304028]
846,[-118.3749014    34.24282202]
847,[-118.40573957   34.23690809]
848,[-118.39397897   34.22835683]
849,[-118.39111455   34.22967868]
850,[-118.41017655   34.20791552]
851,[-118.39152529   34.21208986]
852,[-118.39083356   34.22177413]
853,[-118.38111409   34.22407463]
854,[-118.41488397   34.21978607]
855,[-118.3715823   34.2118099]
856,[-118.37117667   34.21399456]
857,[-118.37140674   34.22227744]
858,[-118.35706036   34.21590764]
859,[-118.393559     34.20316267]
860,[-118.38159067   34.20368656]
861,[-118.37419611   34.20142322]
862,[-118.36376308   34.20245717]
863,[-118.363046     34.18892446]
864,[-118.36229987   34.18444065]
865,[-118.39165078   34.19573367]
866,[-118.39360183   34.19302783]
867,[-118.38169757   34.19326971]
868,[-118.37374443   34.19276071]
869,[-118.40209876   34.20181398]
870,[-118.41009133   34.19473394]
871,[-118.40539692   34.19501873]
872,[-118.42233917   34.196868  ]
873,[-118.41811857   34.19296979]
874,[-118.42586475   34.19623213]
875,[-118.422893     34.19013644]
876,[-118.41615128   34.17419568]
877,[-118.42639867   34.178865  ]
878,[-118.4078091   34.1847748]
879,[-118.40102974   34.18511133]
880,[-118.39727636   34.18415344]
881,[-118.39439712   34.17910847]
882,[-118.40669028   34.16140412]
883,[-118.38193983   34.17482217]
884,[-118.38172555   34.18800464]
885,[-118.3818826   34.1855893]
886,[-118.38194933   34.180937  ]
887,[-118.37394789   34.18491344]
888,[-118.37365      34.17708529]
889,[-118.37431612   34.1740955 ]
890,[-118.363607    34.1750726]
891,[-118.41155363   34.17417663]
892,[-118.42378389   34.17234537]
893,[-118.42666312   34.15791018]
894,[-118.41349973   34.16079242]
895,[-118.4008515    34.16951375]
896,[-118.40071413   34.16662375]
897,[-118.38993658   34.16421592]
898,[-118.38300484   34.16326947]
899,[-118.36317537   34.16805431]
900,[-118.36963624   34.16730467]
901,[-118.37301653   34.1607644 ]
902,[-118.3747267    34.15585576]
903,[-118.36523791   34.16148564]
904,[-118.36505215   34.1556954 ]
905,[-118.35465475   34.15469654]
906,[-118.44390825   34.20841056]
907,[-118.42885683   34.20540226]
908,[-118.43425359   34.20641182]
909,[-118.45524294   34.20979844]
910,[-118.45243807   34.20332373]
911,[-118.46977257   34.20960836]
912,[-118.4809547    34.20930195]
913,[-118.46807838   34.21841546]
914,[-118.47667121   34.19671229]
915,[-118.47601392   34.19872825]
916,[-118.4843755    34.18990233]
917,[-118.476184     34.18886386]
918,[-118.47127108   34.18616015]
919,[-118.47187527   34.19744153]
920,[-118.45145253   34.19954313]
921,[-118.46036667   34.1966145 ]
922,[-118.45526825   34.1919575 ]
923,[-118.45620186   34.18941543]
924,[-118.444849     34.19771611]
925,[-118.433978     34.19699862]
926,[-118.434162    34.1903015]
927,[-118.4428945    34.18941533]
928,[-118.44289017   34.18266517]
929,[-118.43420108   34.18155967]
930,[-118.45744538   34.18384737]
931,[-118.451987    34.1831962]
932,[-118.46657219   34.17894075]
933,[-118.44542583   34.16985292]
934,[-118.4371965    34.17903781]
935,[-118.43414983   34.16924633]
936,[-118.44179423   34.15654945]
937,[-118.46734757   34.1680152 ]
938,[-118.45249318   34.16867355]
939,[-118.45961452   34.15938525]
940,[-118.543068    34.2149975]
941,[-118.54173169   34.19594069]
942,[-118.50257152   34.21696364]
943,[-118.51296567   34.21149   ]
944,[-118.52242437   34.21468275]
945,[-118.53024567   34.2132875 ]
946,[-118.54835005   34.21519964]
947,[-118.55837322   34.20288289]
948,[-118.54601456   34.20310044]
949,[-118.52622609   34.20375545]
950,[-118.5091551   34.2047668]
951,[-118.51419344   34.190474  ]
952,[-118.50790756   34.19444089]
953,[-118.49383517   34.18938017]
954,[-118.49484749   34.20447386]
955,[-118.52616409   34.19778845]
956,[-118.54659469   34.19843531]
957,[-118.54616731   34.18953262]
958,[-118.5268941    34.18775923]
959,[-118.52598428   34.18469003]
960,[-118.55665375   34.19070594]
961,[-118.54543844   34.18629978]
962,[-118.5900725   34.1997542]
963,[-118.58392439   34.19973064]
964,[-118.564706     34.21366422]
965,[-118.58223023   34.21544543]
966,[-118.57413629   34.21178914]
967,[-118.58629267   34.21392552]
968,[-118.62425489   34.21436863]
969,[-118.61552481   34.20065078]
970,[-118.60840543   34.21413257]
971,[-118.60230486   34.21763357]
972,[-118.601698     34.21202888]
973,[-118.63465508   34.20231435]
974,[-118.63568514   34.21459065]
975,[-118.59822588   34.19627125]
976,[-118.59606712   34.203354  ]
977,[-118.59890836   34.20338907]
978,[-118.58007131   34.20386981]
979,[-118.566627     34.20384209]
980,[-118.57425262   34.19449376]
981,[-118.56208826   34.18887793]
982,[-118.59123892   34.19240569]
983,[-118.57786091   34.1904152 ]
984,[-118.57994863   34.18173058]
985,[-118.61787714   34.19445243]
986,[-118.60891304   34.19258067]
987,[-118.603728     34.18071383]
988,[-118.60545867   34.18671862]
989,[-118.62973058   34.189436  ]
990,[-118.63569303   34.19056662]
991,[-118.60334189   34.17595436]
992,[-118.57981584   34.17576398]
993,[-118.6101079    34.17337428]
994,[-118.63246943   34.17679811]
995,[-118.65761209   34.17777869]
996,[-118.61281342   34.15615185]
997,[-118.61745507   34.15459418]
998,[-118.57609893   34.16391411]
999,[-118.59730984   34.1604938 ]
1000,[-118.57017334   34.14872431]
1001,[-118.59018528   34.14922016]
1002,[-118.50599085   34.17399405]
1003,[-118.52706435   34.1735078 ]
1004,[-118.56310776   34.17734462]
1005,[-118.53778575   34.17525658]
1006,[-118.53298486   34.17360195]
1007,[-118.53458408   34.17115052]
1008,[-118.55339779   34.16520173]
1009,[-118.52805092   34.1627222 ]
1010,[-118.523906     34.16763733]
1011,[-118.5202414   34.1658893]
1012,[-118.51037321   34.1606126 ]
1013,[-118.49819597   34.15299099]
1014,[-118.50555945   34.13825425]
1015,[-118.53047409   34.1403227 ]
1016,[-118.54754974   34.15295609]
1017,[-118.55568974   34.1430953 ]
1018,[-118.42633029   34.15472529]
1019,[-118.43178115   34.14566001]
1020,[-118.44280417   34.15508183]
1021,[-118.44257205   34.14506001]
1022,[-118.46320865   34.15149696]
1023,[-118.45477267   34.15627547]
1024,[-118.45474238   34.14883325]
1025,[-118.47174181   34.1564921 ]
1026,[-118.48157411   34.13836505]
1027,[-118.45809121   34.13696043]
1028,[-118.43496202   34.13713668]
1029,[-118.35431432   34.14905598]
1030,[-118.37371383   34.14926787]
1031,[-118.38368467   34.1533713 ]
1032,[-118.4114788    34.15575093]
1033,[-118.40903413   34.14627335]
1034,[-118.38808415   34.14563593]
1035,[-118.37229889   34.14493298]
1036,[-118.37034873   34.14115587]
1037,[-118.35750632   34.1265147 ]
1038,[-118.37454887   34.13218426]
1039,[-118.39642051   34.12752547]
1040,[-118.41946311   34.13391466]
1041,[-118.20155169   34.14299312]
1042,[-118.22376447   34.13283964]
1043,[-118.21294823   34.13763206]
1044,[-118.19165091   34.13442213]
1045,[-118.20859038   34.12835169]
1046,[-118.18295519   34.12044833]
1047,[-118.17557141   34.11459168]
1048,[-118.16984624   34.12479305]
1049,[-118.18758255   34.11932847]
1050,[-118.19162223   34.12568916]
1051,[-118.19870271   34.12988624]
1052,[-118.19978114   34.12051467]
1053,[-118.21091525   34.1213648 ]
1054,[-118.21589986   34.12527917]
1055,[-118.20460223   34.11617483]
1056,[-118.20256427   34.11169307]
1057,[-118.1943195    34.11402644]
1058,[-118.18893304   34.11539226]
1059,[-118.1849126    34.11070701]
1060,[-118.18416717   34.10699517]
1061,[-118.19625018   34.10660871]
1062,[-118.19758195   34.10379464]
1063,[-118.2136713    34.10662793]
1064,[-118.21986603   34.09590322]
1065,[-118.22992093   34.10141625]
1066,[-118.22383592   34.10230501]
1067,[-118.22107774   34.09076524]
1068,[-118.22495435   34.08712613]
1069,[-118.22735769   34.12860571]
1070,[-118.2180169    34.12053225]
1071,[-118.22386873   34.11970086]
1072,[-118.21636177   34.11481866]
1073,[-118.23766835   34.12170862]
1074,[-118.22680134   34.11311474]
1075,[-118.24421565   34.1182389 ]
1076,[-118.23968268   34.11175802]
1077,[-118.2355109    34.10539223]
1078,[-118.260607     34.11482022]
1079,[-118.24025343   34.10097797]
1080,[-118.24775327   34.10236073]
1081,[-118.25769245   34.1017872 ]
1082,[-118.27139194   34.13476616]
1083,[-118.27493933   34.11197446]
1084,[-118.27775653   34.11602444]
1085,[-118.26333093   34.12159081]
1086,[-118.28765478   34.10456256]
1087,[-118.29025242   34.1140574 ]
1088,[-118.29387691   34.10342355]
1089,[-118.29750236   34.11332882]
1090,[-118.30401402   34.11270661]
1091,[-118.32207823   34.12109357]
1092,[-118.32068002   34.11161245]
1093,[-118.32827469   34.11369108]
1094,[-118.33061403   34.12341314]
1095,[-118.34316246   34.11585406]
1096,[-118.36301302   34.09976045]
1097,[-118.34690286   34.09592743]
1098,[-118.347045     34.10310273]
1099,[-118.34585843   34.09970186]
1100,[-118.3509417   34.1009097]
1101,[-118.34137107   34.10069007]
1102,[-118.33064041   34.10416976]
1103,[-118.33499296   34.10399402]
1104,[-118.31985212   34.10396042]
1105,[-118.30292918   34.10349818]
1106,[-118.30665533   34.10415867]
1107,[-118.3109394   34.0995622]
1108,[-118.303324    34.0998065]
1109,[-118.3327684   34.0981628]
1110,[-118.32373133   34.09377133]
1111,[-118.32881967   34.09345483]
1112,[-118.31200371   34.09329529]
1113,[-118.31854429   34.09338857]
1114,[-118.3211149    34.10331545]
1115,[-118.30533567   34.09571822]
1116,[-118.30410033   34.093657  ]
1117,[-118.2965617   34.0979014]
1118,[-118.29360657   34.09298929]
1119,[-118.297561     34.09318533]
1120,[-118.28368617   34.09210775]
1121,[-118.28597123   34.09562577]
1122,[-118.28695655   34.08998109]
1123,[-118.287405     34.08450614]
1124,[-118.2960189   34.0857176]
1125,[-118.30428941   34.08702594]
1126,[-118.30356527   34.08758493]
1127,[-118.31497014   34.08555393]
1128,[-118.3119       34.08803863]
1129,[-118.32607738   34.088701  ]
1130,[-118.32644522   34.08489578]
1131,[-118.34116224   34.09124129]
1132,[-118.33731064   34.08373182]
1133,[-118.34751579   34.08524929]
1134,[-118.35597762   34.0841235 ]
1135,[-118.32967563   34.07771266]
1136,[-118.31791436   34.07987664]
1137,[-118.3104568   34.0794782]
1138,[-118.30662564   34.079621  ]
1139,[-118.3025985   34.0793667]
1140,[-118.2960031   34.0818343]
1141,[-118.29487575   34.07733588]
1142,[-118.28672431   34.07814531]
1143,[-118.35469091   34.11656414]
1144,[-118.36514357   34.11873452]
1145,[-118.37757826   34.10253798]
1146,[-118.38362231   34.10259109]
1147,[-118.36361533   34.085503  ]
1148,[-118.37282549   34.08651089]
1149,[-118.37419183   34.07879297]
1150,[-118.26713946   34.09650348]
1151,[-118.28018069   34.11053549]
1152,[-118.27625102   34.10037243]
1153,[-118.28272531   34.0985555 ]
1154,[-118.27178621   34.09030709]
1155,[-118.26640984   34.08928814]
1156,[-118.26646967   34.07985008]
1157,[-118.26706559   34.07657255]
1158,[-118.26230059   34.07345032]
1159,[-118.2785112   34.0759154]
1160,[-118.27539162   34.08168585]
1161,[-118.27131123   34.07959395]
1162,[-118.28182505   34.09072389]
1163,[-118.2789205    34.08829312]
1164,[-118.2826342   34.0809468]
1165,[-118.23558713   34.09043487]
1166,[-118.25184176   34.08098441]
1167,[-118.2491931    34.09384774]
1168,[-118.25635337   34.08325532]
1169,[-118.25649903   34.0733223 ]
1170,[-118.25149804   34.0684569 ]
1171,[-118.24536181   34.06905035]
1172,[-118.21728772   34.08382591]
1173,[-118.19507152   34.08261456]
1174,[-118.19896717   34.06907663]
1175,[-118.21168395   34.0774795 ]
1176,[-118.20112479   34.08472486]
1177,[-118.19833824   34.09225057]
1178,[-118.21058435   34.08985703]
1179,[-118.22039649   34.06649771]
1180,[-118.21197933   34.07009953]
1181,[-118.21189067   34.06421729]
1182,[-118.17123806   34.09430733]
1183,[-118.16362316   34.09486659]
1184,[-118.17852038   34.08815016]
1185,[-118.18862497   34.08913302]
1186,[-118.18670066   34.09616319]
1187,[-118.18310234   34.08126524]
1188,[-118.1871579    34.06763868]
1189,[-118.16678961   34.08794012]
1190,[-118.17224876   34.08535343]
1191,[-118.1726535    34.08173497]
1192,[-118.17704453   34.0735267 ]
1193,[-118.17027865   34.07541762]
1194,[-118.17148401   34.06737852]
1195,[-118.19805981   34.05725849]
1196,[-118.19767806   34.05332148]
1197,[-118.207249    34.0585163]
1198,[-118.2208372    34.05543452]
1199,[-118.20948839   34.05323517]
1200,[-118.20050218   34.04947327]
1201,[-118.2019412   34.0463129]
1202,[-118.19461767   34.04465667]
1203,[-118.19522368   34.03299403]
1204,[-118.19966358   34.03817975]
1205,[-118.20053707   34.033296  ]
1206,[-118.203864     34.04302867]
1207,[-118.20755707   34.0387186 ]
1208,[-118.21554367   34.04557358]
1209,[-118.2112607   34.0436086]
1210,[-118.21853253   34.03550112]
1211,[-118.21423552   34.02981926]
1212,[-118.20155279   34.0291055 ]
1213,[-118.20494595   34.02411585]
1214,[-118.19502911   34.02255632]
1215,[-118.19798228   34.01751574]
1216,[-118.21411289   34.02379122]
1217,[-118.21048714   34.01739021]
1218,[-118.23344276   34.06963784]
1219,[-118.23292439   34.05760222]
1220,[-118.23218029   34.03412762]
1221,[-118.22386035   34.05027241]
1222,[-118.22114822   34.03138969]
1223,[-118.24139596   34.04780143]
1224,[-118.24256873   34.0421338 ]
1225,[-118.24437946   34.06101028]
1226,[-118.24042657   34.05909311]
1227,[-118.24067491   34.06474636]
1228,[-118.25232979   34.04399943]
1229,[-118.24732133   34.04711573]
1230,[-118.24586861   34.05658951]
1231,[-118.25278741   34.05597432]
1232,[-118.25434041   34.05412841]
1233,[-118.26419869   34.04677476]
1234,[-118.26139796   34.04028911]
1235,[-118.25524835   34.06201671]
1236,[-118.26540676   34.06161208]
1237,[-118.26307308   34.06223619]
1238,[-118.26909909   34.06322009]
1239,[-118.2647465    34.06861275]
1240,[-118.27192714   34.06889514]
1241,[-118.27435855   34.064271  ]
1242,[-118.281657     34.07232132]
1243,[-118.27811514   34.06966886]
1244,[-118.28261118   34.06609582]
1245,[-118.2805606    34.06364133]
1246,[-118.27508989   34.062218  ]
1247,[-118.27750389   34.06295489]
1248,[-118.27166418   34.05587555]
1249,[-118.27337082   34.05918927]
1250,[-118.2691782   34.0597166]
1251,[-118.26706653   34.05649471]
1252,[-118.26482159   34.05675047]
1253,[-118.26686421   34.05912084]
1254,[-118.2600515   34.0535575]
1255,[-118.26633217   34.04981775]
1256,[-118.28167178   34.05616844]
1257,[-118.27732737   34.054198  ]
1258,[-118.27322786   34.05312357]
1259,[-118.28175746   34.05313785]
1260,[-118.2763842   34.050166 ]
1261,[-118.281927     34.04873967]
1262,[-118.27829111   34.04714622]
1263,[-118.27230673   34.04546036]
1264,[-118.33091348   34.06944748]
1265,[-118.286367     34.06573632]
1266,[-118.28535165   34.07416096]
1267,[-118.28809008   34.07089146]
1268,[-118.2986425    34.07427025]
1269,[-118.29363387   34.07451362]
1270,[-118.29728738   34.07118585]
1271,[-118.29515143   34.07109036]
1272,[-118.30670767   34.07212967]
1273,[-118.30188955   34.07231118]
1274,[-118.31902182   34.07140673]
1275,[-118.31657428   34.06406167]
1276,[-118.3114042   34.0667954]
1277,[-118.3123565    34.06318119]
1278,[-118.30381725   34.06278437]
1279,[-118.30160614   34.06745086]
1280,[-118.30577367   34.06716967]
1281,[-118.29788467   34.06721183]
1282,[-118.29248667   34.067279  ]
1283,[-118.29504171   34.06700357]
1284,[-118.2939845    34.06333375]
1285,[-118.29787633   34.06309733]
1286,[-118.28721514   34.05641457]
1287,[-118.28999086   34.05917214]
1288,[-118.28535978   34.05996667]
1289,[-118.29288583   34.05940683]
1290,[-118.29822233   34.05982611]
1291,[-118.29793957   34.05587071]
1292,[-118.29325533   34.05574567]
1293,[-118.30151589   34.06003122]
1294,[-118.301264     34.05566983]
1295,[-118.305041   34.056021]
1296,[-118.30623173   34.05826291]
1297,[-118.31455771   34.05979135]
1298,[-118.3136475   34.0566485]
1299,[-118.31846212   34.05393574]
1300,[-118.32538617   34.05750461]
1301,[-118.32916238   34.05297406]
1302,[-118.3207792   34.0502612]
1303,[-118.31460771   34.05208786]
1304,[-118.30237341   34.05323759]
1305,[-118.30346843   34.04929729]
1306,[-118.29892279   34.05192358]
1307,[-118.29370687   34.04999987]
1308,[-118.288001     34.05316885]
1309,[-118.28848607   34.05049086]
1310,[-118.3482561   34.0729715]
1311,[-118.33587756   34.07438516]
1312,[-118.35639337   34.07767075]
1313,[-118.35646728   34.0702739 ]
1314,[-118.35331673   34.0686711 ]
1315,[-118.35423068   34.06768812]
1316,[-118.36515371   34.07196657]
1317,[-118.36586487   34.06533187]
1318,[-118.37408235   34.06926058]
1319,[-118.38643155   34.07393755]
1320,[-118.37894571   34.07393479]
1321,[-118.35499238   34.06306262]
1322,[-118.34541875   34.0639095 ]
1323,[-118.33932047   34.05788342]
1324,[-118.3475926   34.0559011]
1325,[-118.3614836    34.05944455]
1326,[-118.37902289   34.05734411]
1327,[-118.38037443   34.06141557]
1328,[-118.37170514   34.04786329]
1329,[-118.36965914   34.05434421]
1330,[-118.36373885   34.047887  ]
1331,[-118.3882087    34.05084417]
1332,[-118.380891     34.04789706]
1333,[-118.35494326   34.04800626]
1334,[-118.34072834   34.04844828]
1335,[-118.32786771   34.04479565]
1336,[-118.31958723   34.04482746]
1337,[-118.34192736   34.04367864]
1338,[-118.33520507   34.04504689]
1339,[-118.35506788   34.0426482 ]
1340,[-118.35896507   34.03729741]
1341,[-118.34850856   34.03667981]
1342,[-118.34205717   34.03684708]
1343,[-118.33561371   34.03741671]
1344,[-118.33423631   34.03292169]
1345,[-118.32395043   34.03640579]
1346,[-118.32421353   34.0332932 ]
1347,[-118.321589     34.02668011]
1348,[-118.3224483    34.02115157]
1349,[-118.330408     34.02459495]
1350,[-118.34050162   34.02183376]
1351,[-118.34883403   34.02884203]
1352,[-118.35410207   34.0296056 ]
1353,[-118.36012969   34.03140569]
1354,[-118.37148713   34.02949163]
1355,[-118.34005019   34.02501944]
1356,[-118.37079784   34.02430809]
1357,[-118.28670309   34.04582191]
1358,[-118.2867391   34.0415884]
1359,[-118.30103719   34.04322926]
1360,[-118.29873842   34.04345446]
1361,[-118.31169056   34.04194967]
1362,[-118.30773033   34.04558311]
1363,[-118.31515283   34.0455035 ]
1364,[-118.31255684   34.03533995]
1365,[-118.30804252   34.0379159 ]
1366,[-118.30358958   34.03485275]
1367,[-118.29559946   34.03464908]
1368,[-118.29053719   34.03813035]
1369,[-118.28634059   34.03572735]
1370,[-118.292085   34.030524]
1371,[-118.2852788   34.0304794]
1372,[-118.28712266   34.02551628]
1373,[-118.31174867   34.02791533]
1374,[-118.31324481   34.02104256]
1375,[-118.301787     34.02669325]
1376,[-118.3001918   34.03101  ]
1377,[-118.30491026   34.02296521]
1378,[-118.2963111   34.0214762]
1379,[-118.28381689   34.02001152]
1380,[-118.2689133    34.03788487]
1381,[-118.26967639   34.03277461]
1382,[-118.27568378   34.03984542]
1383,[-118.283066     34.04410723]
1384,[-118.28152762   34.04052969]
1385,[-118.27827196   34.03651468]
1386,[-118.27547604   34.03158111]
1387,[-118.27311105   34.02282168]
1388,[-118.280077   34.025107]
1389,[-118.24884405   34.02513841]
1390,[-118.24912216   34.02909784]
1391,[-118.2632614   34.0234263]
1392,[-118.255948     34.02029144]
1393,[-118.2617426    34.01777267]
1394,[-118.24524062   34.01727631]
1395,[-118.25199786   34.01559907]
1396,[-118.2419177    34.01156124]
1397,[-118.25285585   34.01045354]
1398,[-118.25106027   34.0053618 ]
1399,[-118.26138536   34.011181  ]
1400,[-118.26215338   34.00814823]
1401,[-118.268706     34.01443355]
1402,[-118.27186629   34.00722686]
1403,[-118.2690465    34.00323925]
1404,[-118.2604044   34.0030827]
1405,[-118.25441944   33.99932022]
1406,[-118.24982256   34.00087878]
1407,[-118.242565     33.99625314]
1408,[-118.24200987   33.99290325]
1409,[-118.2524969   33.9921603]
1410,[-118.2608184   33.9986762]
1411,[-118.26879045   33.99832691]
1412,[-118.26896467   33.99132056]
1413,[-118.26046478   33.99289667]
1414,[-118.2775889    34.01574573]
1415,[-118.29731467   34.01431489]
1416,[-118.28930671   34.01566424]
1417,[-118.30394731   34.01403615]
1418,[-118.31302445   34.01407009]
1419,[-118.31046462   34.00790246]
1420,[-118.300418     34.00746767]
1421,[-118.28854333   34.00687178]
1422,[-118.28403846   34.00707115]
1423,[-118.27702625   34.00680938]
1424,[-118.2786018   33.998963 ]
1425,[-118.28877213   33.99884875]
1426,[-118.28254338   33.99935025]
1427,[-118.29797782   34.00172191]
1428,[-118.2971518   33.9970184]
1429,[-118.3097634   33.9987003]
1430,[-118.30761764   33.99105832]
1431,[-118.30119476   33.99110452]
1432,[-118.2832274    33.99335887]
1433,[-118.27806262   33.99309738]
1434,[-118.32179652   34.01022162]
1435,[-118.33073046   34.01812379]
1436,[-118.33036094   34.0064268 ]
1437,[-118.32465042   33.997746  ]
1438,[-118.32870046   34.00236896]
1439,[-118.32914212   33.99221773]
1440,[-118.3295256   33.9881266]
1441,[-118.32101038   33.98000863]
1442,[-118.32793871   33.980538  ]
1443,[-118.33457446   33.98137815]
1444,[-118.35057805   33.98423462]
1445,[-118.3216741    33.97381945]
1446,[-118.33131062   33.97243367]
1447,[-118.36805117   34.01405508]
1448,[-118.34113841   34.01062715]
1449,[-118.35142253   34.01611595]
1450,[-118.34704889   34.01739378]
1451,[-118.34925273   34.01456519]
1452,[-118.35108416   34.00533058]
1453,[-118.29028868   33.98355324]
1454,[-118.28337741   33.98441659]
1455,[-118.29827233   33.98546667]
1456,[-118.30951333   33.98506419]
1457,[-118.3092458   33.9801986]
1458,[-118.29276733   33.98001833]
1459,[-118.3001535   33.9774654]
1460,[-118.28989304   33.98077792]
1461,[-118.28355589   33.98049494]
1462,[-118.28528975   33.97236125]
1463,[-118.28617687   33.969275  ]
1464,[-118.2965855    33.97093021]
1465,[-118.308998     33.97046512]
1466,[-118.3060423   33.9467607]
1467,[-118.31099773   33.96272409]
1468,[-118.29486984   33.96251753]
1469,[-118.28609043   33.966456  ]
1470,[-118.28436318   33.96196055]
1471,[-118.30835759   33.95660129]
1472,[-118.27839957   33.98410814]
1473,[-118.26552683   33.98439013]
1474,[-118.27836715   33.97935515]
1475,[-118.2710075    33.97752633]
1476,[-118.26353476   33.98044124]
1477,[-118.26187125   33.9721915 ]
1478,[-118.2617145    33.96880742]
1479,[-118.27348189   33.97251167]
1480,[-118.2739357   33.9694928]
1481,[-118.2732915    33.96580086]
1482,[-118.27442492   33.96254169]
1483,[-118.263318     33.96628562]
1484,[-118.26356092   33.96216038]
1485,[-118.26114158   33.95801404]
1486,[-118.26335287   33.95414374]
1487,[-118.27725895   33.95582384]
1488,[-118.28365675   33.95582737]
1489,[-118.28287126   33.94921252]
1490,[-118.28279123   33.94495255]
1491,[-118.27735816   33.94685284]
1492,[-118.26823367   33.94849433]
1493,[-118.25728122   33.94844804]
1494,[-118.25913744   33.93781872]
1495,[-118.26195403   33.93529603]
1496,[-118.26936671   33.92906897]
1497,[-118.25856112   33.92584029]
1498,[-118.27118427   33.93535991]
1499,[-118.27771644   33.9364945 ]
1500,[-118.28347642   33.94053333]
1501,[-118.28427826   33.931878  ]
1502,[-118.28540264   33.92655545]
1503,[-118.27633311   33.92565674]
1504,[-118.24889053   33.93929184]
1505,[-118.23215411   33.94625932]
1506,[-118.2391859    33.94896065]
1507,[-118.24565388   33.9487582 ]
1508,[-118.24859069   33.93355919]
1509,[-118.24388613   33.93540433]
1510,[-118.23266427   33.93815782]
1511,[-118.23282077   33.93175923]
1512,[-118.39921173   34.11739204]
1513,[-118.42117337   34.11914462]
1514,[-118.44169532   34.11120173]
1515,[-118.45114987   34.09918155]
1516,[-118.4665309   34.101033 ]
1517,[-118.4939218    34.10179969]
1518,[-118.48029433   34.07523063]
1519,[-118.4881527    34.07006942]
1520,[-118.50849696   34.08550643]
1521,[-118.5207341    34.04964627]
1522,[-118.55510069   34.07289098]
1523,[-118.54625915   34.04840305]
1524,[-118.5427958    34.04394076]
1525,[-118.52556865   34.03959241]
1526,[-118.50783946   34.04497323]
1527,[-118.48393128   34.05569678]
1528,[-118.46978463   34.05841856]
1529,[-118.46524369   34.05486517]
1530,[-118.46416263   34.05305068]
1531,[-118.48051692   34.0453458 ]
1532,[-118.43005519   34.07582596]
1533,[-118.43652497   34.06727692]
1534,[-118.43835622   34.06351588]
1535,[-118.44451639   34.07228988]
1536,[-118.45298142   34.06672293]
1537,[-118.45123745   34.06725137]
1538,[-118.44957679   34.06482858]
1539,[-118.4645027    34.06661104]
1540,[-118.4606569    34.07293328]
1541,[-118.44115871   34.05574643]
1542,[-118.44254735   34.05030435]
1543,[-118.43199075   34.05773209]
1544,[-118.43381564   34.0607212 ]
1545,[-118.4261563    34.06290438]
1546,[-118.42363655   34.05109409]
1547,[-118.43927752   34.04630586]
1548,[-118.44837877   34.04585623]
1549,[-118.465675    34.0417275]
1550,[-118.45590855   34.04832091]
1551,[-118.45999043   34.04426843]
1552,[-118.45690645   34.04019236]
1553,[-118.46142425   34.03704092]
1554,[-118.45259354   34.03177588]
1555,[-118.44176711   34.03772567]
1556,[-118.43416008   34.03725475]
1557,[-118.41353712   34.0593288 ]
1558,[-118.42193145   34.04740545]
1559,[-118.40409189   34.04286469]
1560,[-118.39585902   34.05229043]
1561,[-118.4091002   34.0372646]
1562,[-118.39537452   34.04383101]
1563,[-118.37836734   34.04202962]
1564,[-118.38275338   34.04380562]
1565,[-118.38400611   34.0358756 ]
1566,[-118.39640271   34.03108448]
1567,[-118.405118     34.01893307]
1568,[-118.41323748   34.03028184]
1569,[-118.40119848   34.02190215]
1570,[-118.40295253   34.02473626]
1571,[-118.40858411   34.02910248]
1572,[-118.39424665   34.02741602]
1573,[-118.37968751   34.03429713]
1574,[-118.37161782   34.04108418]
1575,[-118.42925257   34.03298961]
1576,[-118.44155397   34.03101172]
1577,[-118.44345614   34.02518716]
1578,[-118.44825694   34.00769672]
1579,[-118.43632061   34.01698956]
1580,[-118.43143021   34.01848912]
1581,[-118.41829262   34.02783331]
1582,[-118.42709121   34.02664139]
1583,[-118.41788665   34.01719142]
1584,[-118.41358281   34.01987435]
1585,[-118.42448941   34.01376059]
1586,[-118.4316183    34.01172203]
1587,[-118.44405425   34.00556311]
1588,[-118.43326085   33.99890285]
1589,[-118.4379216    33.99699767]
1590,[-118.42286639   34.00290152]
1591,[-118.425227     34.00172562]
1592,[-118.46111791   34.00506591]
1593,[-118.46897475   33.99853875]
1594,[-118.47387541   33.9963531 ]
1595,[-118.47728847   33.99379461]
1596,[-118.47372571   33.98657493]
1597,[-118.46031265   33.99327485]
1598,[-118.45394173   33.99807227]
1599,[-118.45227185   33.9915214 ]
1600,[-118.46556282   33.98435545]
1601,[-118.44951993   33.98775219]
1602,[-118.45871786   33.96781456]
1603,[-118.4028013    33.99954463]
1604,[-118.40971793   33.99611305]
1605,[-118.41971995   33.99691923]
1606,[-118.4333898    33.98178549]
1607,[-118.42327659   33.98659759]
1608,[-118.43794715   33.99105815]
1609,[-118.41141229   33.99200726]
1610,[-118.41227918   33.97969893]
1611,[-118.40441694   33.98575916]
1612,[-118.38796135   33.97414906]
1613,[-118.37456657   33.97741152]
1614,[-118.40817276   33.96678068]
1615,[-118.42055046   33.96477984]
1616,[-118.4338734    33.96438126]
1617,[-118.43542966   33.95570998]
1618,[-118.42470881   33.95647162]
1619,[-118.39952866   33.97162164]
1620,[-118.37594593   33.96528024]
1621,[-118.38023342   33.9547964 ]
1622,[-118.37536539   33.94883622]
1623,[-118.39761413   33.95460913]
1624,[-118.44978614   33.95998535]
1625,[-118.28385507   33.92099237]
1626,[-118.28554036   33.9132065 ]
1627,[-118.28768097   33.89825691]
1628,[-118.28857029   33.89239576]
1629,[-118.286246     33.87362266]
1630,[-118.29180326   33.86659113]
1631,[-118.29827213   33.8451638 ]
1632,[-118.30297808   33.83431689]
1633,[-118.30054817   33.8206583 ]
1634,[-118.30288826   33.80845792]
1635,[-118.30472672   33.80488821]
1636,[-118.303373   33.791552]
1637,[-118.30457634   33.78169004]
1638,[-118.30510978   33.78740978]
1639,[-118.26024189   33.79904073]
1640,[-118.24806484   33.79546508]
1641,[-118.2699982   33.7972526]
1642,[-118.2815313    33.79369563]
1643,[-118.28063268   33.78727781]
1644,[-118.286931    33.7936343]
1645,[-118.29669181   33.78879628]
1646,[-118.27140382   33.78572873]
1647,[-118.2669756   33.7872312]
1648,[-118.25480277   33.78751897]
1649,[-118.25066849   33.78726038]
1650,[-118.25168889   33.77789092]
1651,[-118.27114      33.78049317]
1652,[-118.2659926   33.7793259]
1653,[-118.26406708   33.76909169]
1654,[-118.27988467   33.77141684]
1655,[-118.29416347   33.76041253]
1656,[-118.2841855    33.74933189]
1657,[-118.28152463   33.74125825]
1658,[-118.29856045   33.75470095]
1659,[-118.31558362   33.73977706]
1660,[-118.30335228   33.74463185]
1661,[-118.29101771   33.74982683]
1662,[-118.29211255   33.74041155]
1663,[-118.291957     33.73044236]
1664,[-118.2960883   33.7351394]
1665,[-118.31381698   33.73489148]
1666,[-118.28337025   33.73431887]
1667,[-118.28525889   33.72569254]
1668,[-118.290789     33.72332271]
1669,[-118.29778811   33.72347144]
1670,[-118.31541826   33.71723981]
1671,[-118.32135601   33.72290204]
1672,[-118.30031817   33.71093029]
1673,[-118.28703954   33.71075458]
1674,[-118.29152525   33.71581128]
1675,[-118.15836912   34.0986235 ]
1676,[-118.1557638   34.0986163]
1677,[-118.2624875   33.804584 ]
1678,[-118.29163125   33.90969975]
1679,[-118.3848066   34.0935696]
1680,[-118.45901967   34.06245459]
1681,[-118.45605643   34.00990171]
1682,[-118.64366025   34.16658369]
1683,[-118.40055435   34.29051513]
1684,[-118.63226819   34.16680712]
1685,[-118.49484912   34.21238753]
1686,[-118.31193171   34.13160366]
1687,[-118.23903982   34.07916592]
1688,[-118.23664626   33.7923235 ]
1689,[-118.2950839    33.77833212]
1690,[-118.53067983   34.09368132]
1691,[-118.30597717   34.22977666]
1692,[-118.36380753   34.2667643 ]
1693,[-118.48885842   34.3032528 ]
1694,[-118.62995531   34.23432578]
1695,[-118.48318614   34.17100295]
1696,[-118.28809008   34.2733324 ]
1697,[-118.42336888   33.94087088]
1698,[-118.27773979   33.73551919]
1699,[-118.18277219   33.92102066]
1700,[-118.19072106   33.93140304]
1701,[-118.19475255   33.92341844]
1702,[-118.21424753   33.94058879]
1703,[-118.20491915   33.93346675]
1704,[-118.20303371   33.92830932]
1705,[-118.22170129   33.93474839]
1706,[-118.21967078   33.92366349]
1707,[-118.21348578   33.91763146]
1708,[-118.20111056   33.91567302]
1709,[-118.19501977   33.91237121]
1710,[-118.18488681   33.90800077]
1711,[-118.67225393   34.03809095]
1712,[-118.6172417    34.03975775]
1713,[-118.4210467    33.90217643]
1714,[-118.40696836   33.89787446]
1715,[-118.4000692    33.89195198]
1716,[-118.41496099   33.8917319 ]
1717,[-118.39039202   33.89476245]
1718,[-118.38700977   33.87959099]
1719,[-118.39990912   33.88359794]
1720,[-118.40893132   33.88043394]
1721,[-118.1733225    33.98625739]
1722,[-118.20274141   33.99189743]
1723,[-118.1932457    33.99393224]
1724,[-118.19547951   33.98929264]
1725,[-118.18722917   33.98873787]
1726,[-118.18183173   33.98906904]
1727,[-118.18120345   33.98353014]
1728,[-118.17504806   33.98452066]
1729,[-117.99399975   34.16600654]
1730,[-118.00188154   34.1556358 ]
1731,[-118.01065234   34.14031425]
1732,[-118.01410564   34.13391205]
1733,[-118.00093622   34.14900398]
1734,[-117.98386745   34.14503512]
1735,[-117.9955848    34.13505322]
1736,[-117.98867454   34.13105088]
1737,[-118.00542303   34.1289737 ]
1738,[-118.00669125   34.11245434]
1739,[-118.0941587    34.04143603]
1740,[-118.08864233   34.03001085]
1741,[-118.08751331   34.02196454]
1742,[-118.1077181    34.02941586]
1743,[-118.11234774   34.0199592 ]
1744,[-118.10054058   34.0124961 ]
1745,[-118.11309943   34.01541317]
1746,[-118.13505838   34.02517164]
1747,[-118.12634669   34.02722511]
1748,[-118.13001107   34.01980378]
1749,[-118.13042138   34.01518294]
1750,[-118.12948889   34.01419644]
1751,[-118.12515648   34.00612813]
1752,[-118.11723058   34.00257496]
1753,[-118.10508846   34.0047489 ]
1754,[-118.11049688   33.9961911 ]
1755,[-118.12248477   33.9872567 ]
1756,[-118.12010915   34.06550174]
1757,[-118.10959973   34.06754916]
1758,[-118.12959012   34.06741275]
1759,[-118.12874743   34.06434986]
1760,[-118.15811338   34.05528555]
1761,[-118.14790714   34.0488066 ]
1762,[-118.13909074   34.05883971]
1763,[-118.13227331   34.04970164]
1764,[-118.12233921   34.05827176]
1765,[-118.11244847   34.05840403]
1766,[-118.11390298   34.04849873]
1767,[-118.13811197   34.04037746]
1768,[-118.13388917   34.04181381]
1769,[-118.11516446   34.03631878]
1770,[-118.15242317   34.03803105]
1771,[-118.08896191   33.93049491]
1772,[-118.06790877   33.92320013]
1773,[-118.07441618   33.92436602]
1774,[-118.08360569   33.92757271]
1775,[-118.09271555   33.92162592]
1776,[-118.09748372   33.92462468]
1777,[-118.1049893    33.90943009]
1778,[-118.09471497   33.91164836]
1779,[-118.08626927   33.911992  ]
1780,[-118.08660765   33.90637371]
1781,[-118.07387104   33.90907895]
1782,[-118.06318653   33.91264343]
1783,[-118.0586229    33.90646433]
1784,[-118.05090012   33.89913495]
1785,[-118.0762795    33.89162508]
1786,[-118.06404115   33.89134243]
1787,[-118.07337203   33.89879415]
1788,[-118.09094483   33.89772771]
1789,[-118.0917493    33.89242295]
1790,[-118.1038304    33.89306996]
1791,[-118.0875706    33.88335365]
1792,[-118.07474896   33.884547  ]
1793,[-118.39491433   33.79685582]
1794,[-118.40485093   33.78694638]
1795,[-118.41714115   33.77410311]
1796,[-118.17853405   33.91480452]
1797,[-118.18731967   33.90020133]
1798,[-118.18665733   33.89556972]
1799,[-118.14966895   33.90049027]
1800,[-118.15446804   33.91292925]
1801,[-118.15426987   33.90749154]
1802,[-118.17099577   33.9096762 ]
1803,[-118.16508073   33.91090149]
1804,[-118.18192211   33.90612595]
1805,[-118.18218057   33.89645608]
1806,[-118.17016549   33.89266253]
1807,[-118.17448436   33.88706153]
1808,[-118.15016544   33.89352441]
1809,[-118.15170908   33.884764  ]
1810,[-118.16621759   34.1256601 ]
1811,[-118.07879767   34.17167453]
1812,[-118.0992941    34.18338864]
1813,[-118.17548967   34.20419211]
1814,[-118.17726051   34.16517255]
1815,[-118.1661102    34.17863488]
1816,[-118.11315683   34.169757  ]
1817,[-118.12368452   34.17342657]
1818,[-118.13725563   34.17429984]
1819,[-118.14606365   34.1770462 ]
1820,[-118.15886373   34.16122818]
1821,[-118.16330189   34.15868384]
1822,[-118.14980484   34.15417496]
1823,[-118.14948823   34.14911746]
1824,[-118.14316679   34.16408211]
1825,[-118.14855507   34.16147414]
1826,[-118.13598535   34.16189062]
1827,[-118.13751823   34.15555496]
1828,[-118.13717745   34.1490389 ]
1829,[-118.12800732   34.15454936]
1830,[-118.12604178   34.15028326]
1831,[-118.12852019   34.16430644]
1832,[-118.09637314   34.16729486]
1833,[-118.1106609    34.16051433]
1834,[-118.11049698   34.15392742]
1835,[-118.10510337   34.15390513]
1836,[-118.08904901   34.15401593]
1837,[-118.07612547   34.15304007]
1838,[-118.08069003   34.1468645 ]
1839,[-118.08972176   34.13975427]
1840,[-118.11081274   34.1389997 ]
1841,[-118.12655478   34.13631083]
1842,[-118.13703936   34.1408445 ]
1843,[-118.1454642    34.14155948]
1844,[-118.16185261   34.14120678]
1845,[-118.1743381    34.13454674]
1846,[-118.16160911   34.12856324]
1847,[-118.13690503   34.12491597]
1848,[-118.05574418   34.021349  ]
1849,[-118.05095334   34.02251555]
1850,[-118.07723157   34.00347294]
1851,[-118.06501172   34.01000688]
1852,[-118.07378682   34.01488225]
1853,[-118.08257833   34.01622755]
1854,[-118.08750986   34.00755717]
1855,[-118.09812934   33.99564677]
1856,[-118.08656738   33.98468612]
1857,[-118.08135504   33.99452443]
1858,[-118.07343922   33.99093519]
1859,[-118.0706671   33.9948823]
1860,[-118.07620971   33.98477895]
1861,[-118.0877111    33.96914268]
1862,[-118.09635643   33.9760687 ]
1863,[-118.09071833   33.97208049]
1864,[-118.11091563   33.97842169]
1865,[-118.09478733   33.96202667]
1866,[-118.10202427   33.96556338]
1867,[-117.81201694   34.0512822 ]
1868,[-118.36677814   33.77610059]
1869,[-118.3705655   33.7657048]
1870,[-118.38576643   33.77363465]
1871,[-118.37511821   33.78530903]
1872,[-118.39683944   33.7679271 ]
1873,[-118.40648371   33.75689579]
1874,[-118.3560094   33.7562226]
1875,[-118.36672271   33.73977623]
1876,[-118.31167903   33.7645434 ]
1877,[-118.3291569    33.74288651]
1878,[-118.36850669   33.88870526]
1879,[-118.36733732   33.87631005]
1880,[-118.37539347   33.87653103]
1881,[-118.35909093   33.86936607]
1882,[-118.36376453   33.86224019]
1883,[-118.38489414   33.86997946]
1884,[-118.37953759   33.86054064]
1885,[-118.38368957   33.85060455]
1886,[-118.39609399   33.8455856 ]
1887,[-118.38032049   33.8334221 ]
1888,[-118.38823705   33.83567265]
1889,[-118.38821547   33.82029325]
1890,[-118.37906463   33.8238195 ]
1891,[-118.34708847   33.76395804]
1892,[-118.33299659   33.77823728]
1893,[-118.36017697   33.78463704]
1894,[-118.36658174   33.77297712]
1895,[-118.37991003   33.77389164]
1896,[-118.3868687    33.76222716]
1897,[-118.373363     33.77895426]
1898,[-118.32721505   33.76929452]
1899,[-118.08293828   34.08730883]
1900,[-118.0717486   34.0870469]
1901,[-118.070072     34.07699859]
1902,[-118.05874908   34.07912624]
1903,[-118.07285029   34.06627075]
1904,[-118.07355779   34.05964755]
1905,[-118.08320954   34.07664628]
1906,[-118.10029944   34.07018877]
1907,[-118.10092077   34.06457425]
1908,[-118.08684739   34.06814584]
1909,[-118.08274652   34.0479166 ]
1910,[-118.104007     34.05954139]
1911,[-118.09520318   34.05844   ]
1912,[-118.10313958   34.054671  ]
1913,[-118.08602704   34.0400866 ]
1914,[-118.08100191   34.03665628]
1915,[-117.82866074   34.11170721]
1916,[-117.80629425   34.07475392]
1917,[-117.81570633   34.08486326]
1918,[-117.8287982    34.09556641]
1919,[-117.84729842   34.08769754]
1920,[-117.84047894   34.10016506]
1921,[-118.42880755   34.29404609]
1922,[-118.43798978   34.28479853]
1923,[-118.4342153    34.28989853]
1924,[-118.44649753   34.28391869]
1925,[-118.09069388   34.11424437]
1926,[-118.08445412   34.105678  ]
1927,[-118.11309559   34.10869839]
1928,[-118.09684279   34.1086937 ]
1929,[-118.10887893   34.0988043 ]
1930,[-118.09366733   34.09964878]
1931,[-118.09744436   34.09406392]
1932,[-118.0843008   34.0989408]
1933,[-118.1048734    34.08369973]
1934,[-118.09197822   34.08134185]
1935,[-118.11060931   34.0946595 ]
1936,[-118.0975576    34.07361118]
1937,[-118.12073533   34.12001976]
1938,[-118.09887206   34.12670092]
1939,[-118.0726838    33.97380778]
1940,[-118.07362218   33.97100668]
1941,[-118.06842379   33.96674661]
1942,[-118.07072073   33.95788252]
1943,[-118.09116224   33.9413783 ]
1944,[-118.06599858   33.92964185]
1945,[-118.04495973   33.94022127]
1946,[-118.05176935   33.94340307]
1947,[-118.04719552   33.92902063]
1948,[-118.0481292    33.90406126]
1949,[-118.08277758   33.93362963]
1950,[-118.09407051   33.93735192]
1951,[-118.45671642   34.009672  ]
1952,[-118.49269969   34.04178754]
1953,[-118.48994619   34.03362869]
1954,[-118.498119     34.02738347]
1955,[-118.50804415   34.03077266]
1956,[-118.5023097    34.02026397]
1957,[-118.49033473   34.02770316]
1958,[-118.48770146   34.02504705]
1959,[-118.47993852   34.0403444 ]
1960,[-118.47569004   34.03442085]
1961,[-118.47232534   34.03183011]
1962,[-118.48447368   34.02258842]
1963,[-118.46521487   34.02702613]
1964,[-118.4777099    34.01825575]
1965,[-118.49437672   34.01242423]
1966,[-118.48520525   34.00637404]
1967,[-118.48051008   33.99991803]
1968,[-118.47325325   34.01427089]
1969,[-118.46844964   34.00759186]
1970,[-118.45863941   34.01910219]
1971,[-118.04604294   34.1710923 ]
1972,[-118.05616529   34.16293106]
1973,[-118.17929191   33.81391139]
1974,[-118.16598332   33.80034308]
1975,[-118.15836744   33.79597843]
1976,[-118.17832     33.8042985]
1977,[-118.06729779   34.06408164]
1978,[-118.06433043   34.06330664]
1979,[-118.04268341   34.05802424]
1980,[-118.03738973   34.05662518]
1981,[-118.06666167   34.05755938]
1982,[-118.04851421   34.05513306]
1983,[-118.05678761   34.05870747]
1984,[-118.05619799   34.04778592]
1985,[-118.03574246   34.04909633]
1986,[-118.04589496   34.03748068]
1987,[-118.03008871   34.04658807]
1988,[-118.02783257   34.04611905]
1989,[-118.03400727   34.040493  ]
1990,[-118.22296418   33.96207853]
1991,[-118.21532697   33.96116416]
1992,[-118.21478665   33.95527719]
1993,[-118.22374281   33.9566571 ]
1994,[-118.22473595   33.95066451]
1995,[-118.21670084   33.94860768]
1996,[-118.22485355   33.94776431]
1997,[-118.21862709   33.94115866]
1998,[-118.2039076    33.95994731]
1999,[-118.20464209   33.95452931]
2000,[-118.20781339   33.94069007]
2001,[-118.20999496   33.9479506 ]
2002,[-118.20285215   33.94753609]
2003,[-118.19467398   33.94601393]
2004,[-118.19591406   33.9390067 ]
2005,[-118.19121865   33.95570908]
2006,[-118.16476358   33.9433714 ]
2007,[-118.18421167   33.94362954]
2008,[-118.17982676   33.94446797]
2009,[-118.16619742   33.91951767]
2010,[-118.1776045   34.1104545]
2011,[-118.14554175   34.11014686]
2012,[-118.15858277   34.11819608]
2013,[-118.1664498    34.10746788]
2014,[-118.16230165   34.10827782]
2015,[-118.15508201   34.10732695]
2016,[-118.03330785   34.10082894]
2017,[-118.02897914   34.10316643]
2018,[-118.06385504   34.11698429]
2019,[-118.05954958   34.11019927]
2020,[-118.05199656   34.10200904]
2021,[-118.04217597   34.09541222]
2022,[-118.05679611   34.09139087]
2023,[-118.0708307    34.11673944]
2024,[-118.07216047   34.10883718]
2025,[-118.07910476   34.10733759]
2026,[-118.07132083   34.09877427]
2027,[-118.07567403   34.09972648]
2028,[-118.3114485    33.87289019]
2029,[-118.31932102   33.87811839]
2030,[-118.3383753    33.87576163]
2031,[-118.32990035   33.87692014]
2032,[-118.31738365   33.86744872]
2033,[-118.33203134   33.869256  ]
2034,[-118.33357893   33.86461315]
2035,[-118.34893658   33.86663193]
2036,[-118.3430402    33.84460539]
2037,[-118.35981142   33.85409002]
2038,[-118.36857547   33.85260679]
2039,[-118.36071758   33.8427264 ]
2040,[-118.37011926   33.84274427]
2041,[-118.34896679   33.84002153]
2042,[-118.34849313   33.84593135]
2043,[-118.35331417   33.83060141]
2044,[-118.36745114   33.83201053]
2045,[-118.33548854   33.82648442]
2046,[-118.31565894   33.83687204]
2047,[-118.31912093   33.82427634]
2048,[-118.31265025   33.81146533]
2049,[-118.32504365   33.81475878]
2050,[-118.33697111   33.81043933]
2051,[-118.34530635   33.82041666]
2052,[-118.36774017   33.82116169]
2053,[-118.35451954   33.82233859]
2054,[-118.35931311   33.81249902]
2055,[-118.36653026   33.80541078]
2056,[-118.38435891   33.81164103]
2057,[-118.33178474   33.78798353]
2058,[-118.35023181   33.79901334]
2059,[-118.32979947   33.85503462]
2060,[-118.1741646   34.0013024]
2061,[-118.17660301   33.99331969]
2062,[-118.2089863    34.00074545]
2063,[-117.82938916   34.04164504]
2064,[-117.87124138   34.01479256]
2065,[-117.85628403   34.01765837]
2066,[-117.84297474   34.03292298]
2067,[-117.85366783   34.02848845]
2068,[-117.8485266    34.05349978]
2069,[-117.85623433   34.04435061]
2070,[-117.87019962   34.03581035]
2071,[-117.88193047   34.02670149]
2072,[-117.85008223   34.05795573]
2073,[-117.86439441   34.068238  ]
2074,[-117.86758253   34.07225523]
2075,[-117.94188604   34.08782522]
2076,[-117.94502425   34.07671763]
2077,[-117.93522792   34.08785375]
2078,[-117.92737014   34.07995905]
2079,[-117.91619824   34.08094578]
2080,[-117.89804263   34.07640281]
2081,[-117.8735568    34.05888121]
2082,[-117.89826722   34.05742703]
2083,[-117.89909      34.06939826]
2084,[-117.89790924   34.06553454]
2085,[-117.92007177   34.06611421]
2086,[-117.91658202   34.05489235]
2087,[-117.93194464   34.05343989]
2088,[-117.94547543   34.0552299 ]
2089,[-117.93646314   34.06729147]
2090,[-117.95440308   34.06620809]
2091,[-117.96254518   34.06370241]
2092,[-117.96062532   34.06086145]
2093,[-117.95634804   34.05139915]
2094,[-117.91554883   34.03146192]
2095,[-117.92323597   34.04004566]
2096,[-117.91583064   34.04390227]
2097,[-117.91576905   34.03902368]
2098,[-117.89365873   34.0510314 ]
2099,[-117.90174038   34.03251129]
2100,[-117.90839889   34.02365067]
2101,[-117.89818917   34.02209941]
2102,[-117.89783202   34.01728623]
2103,[-117.8751469    34.00798446]
2104,[-117.88361993   34.00478544]
2105,[-117.88976452   34.00583782]
2106,[-118.35196152   34.09139217]
2107,[-118.35179363   34.08993829]
2108,[-118.36578606   34.09247796]
2109,[-118.37279253   34.09243982]
2110,[-118.38068395   34.08116623]
2111,[-118.38792886   34.08807885]
2112,[-118.38020222   34.09042822]
2113,[-117.99408433   33.98217133]
2114,[-118.05471474   34.0273813 ]
2115,[-117.97993407   33.94651517]
2116,[-117.99477843   33.96145146]
2117,[-118.03241466   34.00313921]
2118,[-118.07115711   33.99372978]
2119,[-118.06436702   33.98718557]
2120,[-118.06418596   33.9975707 ]
2121,[-118.05455216   33.99198386]
2122,[-118.04963457   33.98255307]
2123,[-118.03936402   33.99623048]
2124,[-118.03596962   33.98623011]
2125,[-118.03596131   33.98001022]
2126,[-118.01196498   33.97405289]
2127,[-118.02146463   33.96329165]
2128,[-118.02918612   33.966837  ]
2129,[-118.04133314   33.97113645]
2130,[-118.0343503   33.9691337]
2131,[-118.02664072   33.95557272]
2132,[-118.04019528   33.96376276]
2133,[-118.04825532   33.96205238]
2134,[-118.034748     33.95379132]
2135,[-118.0479224    33.97104356]
2136,[-118.05528888   33.96159788]
2137,[-118.04776463   33.9546434 ]
2138,[-118.01509254   33.94911208]
2139,[-117.98515199   33.93632547]
2140,[-117.99809211   33.94183132]
2141,[-118.00214981   33.93649956]
2142,[-117.99763493   33.93288479]
2143,[-117.98196747   33.92858324]
2144,[-118.36580732   34.28615801]
2145,[-118.36819811   34.2928967 ]
2146,[-118.40497867   34.287777  ]
2147,[-118.40092591   34.32805041]
2148,[-118.3577524   34.0759456]
2149,[-118.3639024    34.00363837]
2150,[-118.41586574   34.109339  ]
2151,[-118.416565     34.11146012]
2152,[-118.45828017   33.97470817]
2153,[-118.411608   33.982572]
2154,[-118.45335496   33.95559248]
2155,[-118.2981154   33.8519296]
2156,[-118.31700521   33.7146981 ]
2157,[-118.32642355   33.71884697]
2158,[-118.30127481   33.70901005]
2159,[-118.28525564   33.7061867 ]
2160,[-118.23560427   34.24066395]
2161,[-118.23833125   34.2296199 ]
2162,[-118.24030189   34.219918  ]
2163,[-118.22724213   34.21036835]
2164,[-118.35094415   34.13658465]
2165,[-117.84197424   34.16224818]
2166,[-117.90375044   34.15338678]
2167,[-117.8843132    34.14160712]
2168,[-117.88028364   34.14393644]
2169,[-117.83637818   34.06940079]
2170,[-117.83421479   34.08923539]
2171,[-117.82829647   34.09165367]
2172,[-117.8171969    34.05909112]
2173,[-117.86674326   33.99312414]
2174,[-117.86100605   33.98238063]
2175,[-117.83205574   34.02816108]
2176,[-117.82560232   33.95697438]
2177,[-117.8348265   34.0507507]
2178,[-117.85410419   34.06184217]
2179,[-117.85205679   34.07423812]
2180,[-117.85588418   34.09855582]
2181,[-117.84733015   34.09363122]
2182,[-117.87171      34.09690356]
2183,[-117.87031365   34.08334876]
2184,[-117.86709934   34.10285388]
2185,[-117.84598029   34.10318704]
2186,[-117.87917989   34.1239893 ]
2187,[-117.88409823   34.11270067]
2188,[-117.89487851   34.11764221]
2189,[-117.89018733   34.12275917]
2190,[-117.88665511   34.1244326 ]
2191,[-117.91872621   34.11000815]
2192,[-117.91300074   34.11158009]
2193,[-117.90191921   34.11145683]
2194,[-117.9967542   34.0619655]
2195,[-117.93975259   34.08610359]
2196,[-117.93213095   34.09206136]
2197,[-117.93021181   34.08540576]
2198,[-117.92163      34.09581409]
2199,[-117.91487366   34.09494886]
2200,[-117.91813289   34.10397987]
2201,[-117.896694     34.10023355]
2202,[-117.9009811    34.09639772]
2203,[-117.8984126   34.0934852]
2204,[-117.86766679   34.05888835]
2205,[-117.91934161   34.05099833]
2206,[-117.93168887   34.049775  ]
2207,[-117.96984736   34.05822343]
2208,[-117.96584187   34.05475556]
2209,[-117.9763527    34.06207926]
2210,[-117.98401584   34.0534447 ]
2211,[-117.95766957   34.0437791 ]
2212,[-117.9605331    34.04025194]
2213,[-117.9451619    34.04489503]
2214,[-117.93736415   34.04332476]
2215,[-117.92034884   34.02999362]
2216,[-117.93134298   34.03115671]
2217,[-117.92980053   34.04111341]
2218,[-117.91988705   34.04693773]
2219,[-117.9150986    34.02541147]
2220,[-117.88289907   34.00855307]
2221,[-117.91737086   34.01863283]
2222,[-117.91265658   34.0126556 ]
2223,[-117.90291148   34.00950754]
2224,[-117.89276829   34.00930853]
2225,[-117.98208355   34.03262382]
2226,[-117.89967172   33.99156682]
2227,[-117.88099799   33.99315531]
2228,[-117.99787842   34.04694383]
2229,[-118.01695965   34.03892909]
2230,[-118.00762062   34.03309585]
2231,[-117.98025082   34.01826383]
2232,[-117.9972239    34.00511067]
2233,[-117.96808698   34.01145781]
2234,[-117.9894443    33.99069892]
2235,[-117.97059237   33.99812025]
2236,[-117.98360949   34.00224781]
2237,[-117.93772208   33.99570842]
2238,[-117.95026177   33.99364114]
2239,[-117.96336561   33.9891395 ]
2240,[-117.91980649   33.98344023]
2241,[-117.92242251   33.97781413]
2242,[-117.94634638   33.98338065]
2243,[-117.95988034   33.97963362]
2244,[-117.95684639   34.00703997]
2245,[-117.95840115   33.99837294]
2246,[-117.8845628   33.965556 ]
2247,[-117.89359098   33.98001057]
2248,[-117.87898775   33.98201913]
2249,[-117.86835735   33.97613828]
2250,[-117.90097584   33.97178491]
2251,[-117.89945964   33.97805115]
2252,[-117.90363013   33.98434599]
2253,[-117.96758832   34.14610455]
2254,[-117.99941222   34.12538896]
2255,[-117.99506612   34.12234448]
2256,[-118.00638402   34.12565929]
2257,[-118.00953983   34.11361147]
2258,[-118.0244286    34.10182979]
2259,[-118.06245414   34.12191131]
2260,[-118.06038336   34.06360695]
2261,[-118.07046028   34.05393788]
2262,[-118.06254301   34.04585814]
2263,[-118.0582669    34.03267094]
2264,[-118.02587157   34.04215557]
2265,[-118.02895864   34.04249245]
2266,[-118.08171337   34.17438563]
2267,[-118.11042007   34.18883268]
2268,[-118.1381756    34.19991317]
2269,[-118.15749682   34.20758388]
2270,[-118.15943415   34.19519649]
2271,[-118.17811522   34.21819922]
2272,[-118.22793876   34.22389498]
2273,[-118.16600355   34.187062  ]
2274,[-118.14194426   34.18578812]
2275,[-118.10868278   34.18016231]
2276,[-118.11347409   34.17430607]
2277,[-118.13196471   34.17700886]
2278,[-118.10336418   34.16812379]
2279,[-118.07020536   34.13875714]
2280,[-118.08337275   34.13872296]
2281,[-118.10308898   34.13927614]
2282,[-118.08768891   34.12324552]
2283,[-118.07394228   34.12749156]
2284,[-118.07473114   34.11734546]
2285,[-118.08653106   34.10647728]
2286,[-118.08817718   34.09609364]
2287,[-118.08072712   34.09757591]
2288,[-118.07723805   34.04188049]
2289,[-118.10013859   34.05013317]
2290,[-118.09473891   34.04439141]
2291,[-117.95946314   33.94862083]
2292,[-117.97006918   33.97337973]
2293,[-117.98179947   33.97562413]
2294,[-118.04055965   34.00871496]
2295,[-118.06109448   34.0082161 ]
2296,[-118.07694747   34.0185094 ]
2297,[-118.08074755   34.01836499]
2298,[-118.06965531   33.98993318]
2299,[-118.06082948   33.98214585]
2300,[-118.06527078   34.00013656]
2301,[-118.05165925   33.98156942]
2302,[-118.01373667   33.99637065]
2303,[-118.01154852   33.99293787]
2304,[-118.03569589   33.95109517]
2305,[-118.05655505   33.97445639]
2306,[-118.07130962   33.97635393]
2307,[-118.0783075    33.96746932]
2308,[-118.0689017    33.96861623]
2309,[-118.04192939   33.94681784]
2310,[-118.04525135   33.93546814]
2311,[-118.05007128   33.92504502]
2312,[-118.04078815   33.92908197]
2313,[-118.04262861   33.92062502]
2314,[-118.03399398   33.92579455]
2315,[-118.0223558   33.9217662]
2316,[-118.02701213   33.93216305]
2317,[-118.03436102   33.93903624]
2318,[-118.0221841    33.94117222]
2319,[-118.01445017   33.93240305]
2320,[-118.00668853   33.93163383]
2321,[-117.99439132   33.9270533 ]
2322,[-117.98533402   33.92457221]
2323,[-118.07331773   34.03123109]
2324,[-118.14352407   34.02763869]
2325,[-118.154077    34.0310335]
2326,[-118.14648676   34.02855222]
2327,[-118.15581288   34.0368633 ]
2328,[-118.1656148    34.03844967]
2329,[-118.17549635   34.05189912]
2330,[-118.17224931   34.05336362]
2331,[-118.17989454   34.05956937]
2332,[-118.18543084   34.05184364]
2333,[-118.18204454   34.05202271]
2334,[-118.1883921    34.04340668]
2335,[-118.18060483   34.04613823]
2336,[-118.1742793    34.04218764]
2337,[-118.188571     34.03592706]
2338,[-118.1810411    34.03645061]
2339,[-118.1847429    34.03054295]
2340,[-118.18494974   34.02589406]
2341,[-118.18112519   34.02170223]
2342,[-118.18273991   34.01718148]
2343,[-118.17129926   34.01990771]
2344,[-118.17487986   34.02984745]
2345,[-118.16723063   34.02874376]
2346,[-118.16450845   34.01850171]
2347,[-118.16215628   34.0309118 ]
2348,[-118.16303304   34.02348457]
2349,[-118.15152793   34.0214213 ]
2350,[-118.15936527   34.0152889 ]
2351,[-118.13716287   34.01814779]
2352,[-118.1428702   34.0143449]
2353,[-118.13122164   34.01156202]
2354,[-118.20530739   34.00636026]
2355,[-118.24325747   33.98511371]
2356,[-118.25010845   33.98597294]
2357,[-118.25168785   33.97943303]
2358,[-118.24510158   33.97998616]
2359,[-118.24094738   33.97690138]
2360,[-118.20436109   33.99292826]
2361,[-118.21489064   33.96842539]
2362,[-118.22119209   33.97082747]
2363,[-118.22461981   33.96855353]
2364,[-118.22647767   33.96238941]
2365,[-118.23593338   33.97042794]
2366,[-118.25204868   33.97120624]
2367,[-118.24681111   33.97212111]
2368,[-118.24649677   33.96442585]
2369,[-118.24869792   33.95908564]
2370,[-118.25037817   33.9523857 ]
2371,[-118.23616695   33.96131318]
2372,[-118.23357446   33.95250343]
2373,[-118.175595   33.923346]
2374,[-118.17704494   33.92248906]
2375,[-118.22742167   33.93257707]
2376,[-118.23297561   33.92418706]
2377,[-118.24672776   33.92472844]
2378,[-118.25297925   33.91823348]
2379,[-118.27449082   33.9194589 ]
2380,[-118.27221503   33.90905714]
2381,[-118.27227764   33.8936948 ]
2382,[-118.26152428   33.89812808]
2383,[-118.25051747   33.90485094]
2384,[-118.2335784    33.91152698]
2385,[-118.22636765   33.91369103]
2386,[-118.18744125   33.90464894]
2387,[-118.1996853   33.9050178]
2388,[-118.19617291   33.9019997 ]
2389,[-118.19216881   33.89852793]
2390,[-118.19668441   33.89256552]
2391,[-118.19268306   33.89243728]
2392,[-118.201479     33.88665723]
2393,[-118.26382335   33.89036398]
2394,[-118.21735993   33.86015455]
2395,[-118.28583636   33.85438666]
2396,[-118.29198906   33.84063491]
2397,[-118.29154582   33.83597321]
2398,[-118.2933833    33.81800982]
2399,[-118.29324108   33.80436525]
2400,[-118.09340167   33.87915633]
2401,[-118.05972804   33.84161826]
2402,[-118.11223909   33.8276147 ]
2403,[-118.19638444   33.76076617]
2404,[-118.17808881   33.76126924]
2405,[-118.163006     33.75884303]
2406,[-118.15172327   33.75595959]
2407,[-118.14084483   33.75163034]
2408,[-118.12349327   33.75664051]
2409,[-118.12371861   33.74796577]
2410,[-118.11390011   33.76481896]
2411,[-118.12227374   33.7630906 ]
2412,[-118.11579145   33.75469266]
2413,[-118.29582224   33.95566171]
2414,[-118.29697032   33.94837606]
2415,[-118.29938545   33.94303345]
2416,[-118.30351386   33.93483832]
2417,[-118.29872907   33.93502379]
2418,[-118.29441243   33.9353652 ]
2419,[-118.31418855   33.93518991]
2420,[-118.37018188   33.96814512]
2421,[-118.36354777   33.9436182 ]
2422,[-118.36609083   33.94044815]
2423,[-118.36347711   33.93421103]
2424,[-118.35049242   33.93439408]
2425,[-118.34776711   33.94231056]
2426,[-118.34882577   33.93999633]
2427,[-118.37105149   33.9230834 ]
2428,[-118.36484003   33.90852444]
2429,[-118.33146552   33.91127652]
2430,[-118.31280837   33.92433653]
2431,[-118.29991938   33.92666387]
2432,[-118.30105862   33.92056203]
2433,[-118.33654964   33.88733836]
2434,[-118.32957539   33.89751671]
2435,[-118.3028484    33.74075612]
2436,[-118.42332207   33.90297007]
2437,[-118.41693521   33.89136561]
2438,[-118.41094278   33.87995286]
2439,[-118.40584589   33.86988847]
2440,[-118.40098826   33.85632944]
2441,[-118.39748946   33.84561492]
2442,[-118.39177009   33.83420097]
2443,[-118.39196138   33.82178603]
2444,[-118.3930837    33.80884433]
2445,[-118.35634887   33.77717551]
2446,[-118.3633545    33.77867325]
2447,[-118.40325176   33.79971848]
2448,[-118.41307883   33.78939173]
2449,[-118.42379281   33.77153058]
2450,[-118.41678392   33.75546575]
2451,[-118.37518567   33.7355241 ]
2452,[-118.45589721   34.05917565]
2453,[-118.51373178   34.022316  ]
2454,[-118.50731328   34.01746944]
2455,[-118.49956973   34.00896439]
2456,[-118.48985967   34.00136893]
2457,[-118.48561034   33.99744194]
2458,[-118.37964567   34.02023613]
2459,[-118.44651013   33.97747753]
2460,[-118.38125768   33.99955134]
2461,[-118.3721058    33.98683319]
2462,[-118.35472808   33.99579836]
2463,[-118.34045559   34.00070141]
2464,[-118.60545802   34.14123286]
2465,[-118.64214877   34.09155097]
2466,[-118.68599469   34.0934755 ]
2467,[-118.66929281   34.15616301]
2468,[-118.67397635   34.15129023]
2469,[-118.67145512   34.06533878]
2470,[-118.62418591   34.06269522]
2471,[-118.16620296   34.38948489]
2472,[-118.60443424   34.33016152]
2473,[-118.0664765    34.24297495]
2474,[-118.27158982   34.35782482]
2475,[-118.00882744   34.30687688]
2476,[-118.10917258   33.76404417]
2477,[-118.43842012   33.93225501]
2478,[-118.42686977   33.91086923]
2479,[-118.25602132   33.70702856]
2480,[-118.21791204   33.75964107]
2481,[-117.90244105   33.85743209]
2482,[-117.89753403   33.85066454]
2483,[-117.91691037   33.84613149]
2484,[-117.91026804   33.8474125 ]
2485,[-117.93272818   33.84962279]
2486,[-117.93145718   33.84416271]
2487,[-117.95866367   33.85191124]
2488,[-117.95060919   33.84383984]
2489,[-117.97980827   33.84926509]
2490,[-117.96821      33.84585612]
2491,[-117.98225449   33.83602635]
2492,[-118.00671627   33.82386327]
2493,[-117.99750359   33.82504806]
2494,[-117.98867811   33.82682152]
2495,[-117.97920236   33.82513792]
2496,[-117.97212541   33.82495922]
2497,[-117.9639546    33.83103357]
2498,[-117.95239385   33.83865573]
2499,[-117.95118326   33.82619453]
2500,[-117.93271437   33.82805546]
2501,[-117.92834562   33.82011364]
2502,[-117.92849649   33.83554923]
2503,[-117.91114774   33.83612822]
2504,[-117.91592312   33.82764507]
2505,[-117.94221248   33.8152607 ]
2506,[-117.93854318   33.80353404]
2507,[-117.9578072    33.82169429]
2508,[-117.9606266   33.8041147]
2509,[-117.95412938   33.81054183]
2510,[-118.00691373   33.81452857]
2511,[-117.99766212   33.81577226]
2512,[-117.98873473   33.81663709]
2513,[-117.9790169    33.81680048]
2514,[-117.97259903   33.81300743]
2515,[-118.00493067   33.83318775]
2516,[-118.01385141   33.82417455]
2517,[-118.0137595    33.81338525]
2518,[-117.98415137   33.85725087]
2519,[-117.99841491   33.83381055]
2520,[-117.91799623   33.94135452]
2521,[-117.92094836   33.92228329]
2522,[-117.90945248   33.93498582]
2523,[-117.90574051   33.9158048 ]
2524,[-117.89133713   33.91504583]
2525,[-117.89388585   33.90882178]
2526,[-117.89050968   33.93373187]
2527,[-117.89472126   33.92683792]
2528,[-117.8710331    33.90958057]
2529,[-117.85737986   33.90897263]
2530,[-117.86663579   33.91788163]
2531,[-117.83861802   33.92170087]
2532,[-117.97929485   33.8617292 ]
2533,[-117.98226982   33.845892  ]
2534,[-117.98921421   33.83767133]
2535,[-118.03719688   33.84105512]
2536,[-118.03050761   33.83560497]
2537,[-118.01622324   33.83596233]
2538,[-118.01578389   33.82540529]
2539,[-118.02311398   33.81311416]
2540,[-118.02721022   33.85283864]
2541,[-118.01196919   33.85291618]
2542,[-118.01310044   33.84299483]
2543,[-118.02490259   33.84300016]
2544,[-117.99267443   33.85374612]
2545,[-117.99420362   33.84239488]
2546,[-118.00993022   33.86493939]
2547,[-117.9952924    33.86907472]
2548,[-117.98942061   33.88500054]
2549,[-118.0056688   33.8770831]
2550,[-117.99410632   33.88003101]
2551,[-118.03189884   33.79417019]
2552,[-118.02156094   33.79436948]
2553,[-118.02038732   33.79949662]
2554,[-118.03144611   33.79860656]
2555,[-118.04038116   33.83660986]
2556,[-118.041338     33.82610573]
2557,[-118.05616751   33.81424797]
2558,[-118.02794143   33.82056398]
2559,[-118.03121758   33.83105687]
2560,[-118.05464662   33.83369458]
2561,[-118.02822218   33.80718733]
2562,[-118.0387872    33.81306925]
2563,[-118.05951899   33.82523667]
2564,[-118.05007735   33.82036592]
2565,[-118.01866509   33.82602582]
2566,[-117.92609017   33.92069717]
2567,[-117.91200173   33.90553053]
2568,[-117.89106822   33.90271026]
2569,[-117.92160819   33.89727688]
2570,[-117.90576951   33.88872064]
2571,[-117.95759645   33.88716025]
2572,[-117.9385744   33.9087675]
2573,[-117.93806185   33.89434257]
2574,[-117.9653376    33.89876632]
2575,[-117.948943     33.89993473]
2576,[-117.97890535   33.86795143]
2577,[-117.97216176   33.86308059]
2578,[-117.96409754   33.86353513]
2579,[-117.95370253   33.86352884]
2580,[-117.95984042   33.8572773 ]
2581,[-117.95369166   33.87567701]
2582,[-117.9473543   33.8611063]
2583,[-117.93669298   33.86189502]
2584,[-117.9363018    33.87473227]
2585,[-117.92620054   33.87649844]
2586,[-117.91828211   33.88227263]
2587,[-117.90755625   33.88165632]
2588,[-117.90455027   33.87374095]
2589,[-117.88841512   33.87116529]
2590,[-117.89371847   33.88154311]
2591,[-117.88210691   33.88280809]
2592,[-117.9291851   33.861933 ]
2593,[-117.90584339   33.86131382]
2594,[-117.87767651   33.90292802]
2595,[-117.87987024   33.89276896]
2596,[-117.97291865   33.85589457]
2597,[-117.97903978   33.85713357]
2598,[-117.97559343   33.85457757]
2599,[-117.98336238   33.85824156]
2600,[-117.98518767   33.89556333]
2601,[-117.9681729    33.88612651]
2602,[-117.97270353   33.80476882]
2603,[-117.98607448   33.79734383]
2604,[-117.98474491   33.78878436]
2605,[-117.98010475   33.79408477]
2606,[-117.971961    33.7953734]
2607,[-118.00608107   33.7846795 ]
2608,[-117.98732033   33.78225888]
2609,[-117.97673884   33.78487837]
2610,[-117.98663737   33.778286  ]
2611,[-117.97543387   33.77761062]
2612,[-117.96250931   33.79780546]
2613,[-117.95509213   33.79525453]
2614,[-117.94831015   33.79413075]
2615,[-117.97928398   33.77108252]
2616,[-117.99319431   33.77301662]
2617,[-118.01848825   33.77399244]
2618,[-118.01035091   33.77412963]
2619,[-118.03526298   33.77432325]
2620,[-118.04216332   33.77424409]
2621,[-118.03984788   33.78861012]
2622,[-118.02266135   33.78354657]
2623,[-118.0189559    33.77716147]
2624,[-118.03901102   33.78065551]
2625,[-118.01969686   33.79011314]
2626,[-118.05984579   33.72974048]
2627,[-118.03158705   33.74279835]
2628,[-117.96057977   33.94380924]
2629,[-117.97278298   33.93327648]
2630,[-117.96017047   33.93497787]
2631,[-117.9511398    33.93321937]
2632,[-117.94263427   33.9345232 ]
2633,[-117.97011169   33.92276162]
2634,[-117.94575463   33.92069295]
2635,[-117.94279041   33.92237157]
2636,[-117.94113002   33.94247346]
2637,[-117.92837731   33.9427105 ]
2638,[-117.92186936   33.94064953]
2639,[-117.93542338   33.92740789]
2640,[-117.92216379   33.92758436]
2641,[-117.93150709   33.91318394]
2642,[-117.94351996   33.91241524]
2643,[-117.96624395   33.91143109]
2644,[-117.95110662   33.91084611]
2645,[-118.04658415   33.84258593]
2646,[-118.048672     33.83943125]
2647,[-118.04062313   33.85718507]
2648,[-118.04155062   33.8488565 ]
2649,[-118.03519843   33.85641239]
2650,[-118.03280287   33.84540767]
2651,[-118.03348969   33.79566237]
2652,[-118.0838898    33.80034103]
2653,[-118.08944504   33.78912725]
2654,[-118.06963837   33.78486713]
2655,[-118.06271217   33.80145819]
2656,[-118.04516409   33.79046813]
2657,[-118.06069784   33.81213861]
2658,[-118.07238421   33.80988282]
2659,[-118.05821345   33.80674513]
2660,[-118.06421539   33.8184495 ]
2661,[-117.87463491   33.89358145]
2662,[-117.863572     33.90063621]
2663,[-117.86337965   33.89225331]
2664,[-118.07195988   33.74600434]
2665,[-118.09319419   33.75145437]
2666,[-118.08830379   33.72966704]
2667,[-118.08664945   33.77041283]
2668,[-118.08816092   33.76748992]
2669,[-118.10692429   33.74216627]
2670,[-118.10335387   33.74353081]
2671,[-118.09312806   33.7791536 ]
2672,[-118.08437086   33.77563031]
2673,[-118.05601903   33.77779363]
2674,[-118.04812656   33.78127506]
2675,[-118.00683989   33.80701136]
2676,[-117.99741847   33.80873761]
2677,[-117.9893644    33.80729047]
2678,[-117.97894208   33.80968371]
2679,[-117.97326424   33.80783061]
2680,[-117.99284337   33.80111115]
2681,[-117.99265019   33.79226038]
2682,[-118.00470104   33.79957819]
2683,[-117.99280519   33.78493056]
2684,[-117.98288186   33.78788343]
2685,[-117.99442216   33.77755192]
2686,[-118.0124028    33.80522093]
2687,[-118.0118568   33.8106732]
2688,[-118.00281388   33.77382281]
2689,[-117.99756473   33.77381773]
2690,[-118.04255851   33.75596218]
2691,[-118.01757734   33.75270846]
2692,[-118.03359359   33.75610489]
2693,[-117.99178541   33.76600343]
2694,[-118.02060804   33.76702412]
2695,[-118.01157718   33.76654863]
2696,[-118.00281843   33.76553454]
2697,[-118.02923497   33.77056118]
2698,[-118.03610758   33.76516035]
2699,[-117.97155322   33.94211972]
2700,[-117.9405063    33.94356894]
2701,[-117.92508079   33.94170336]
2702,[-117.924108     33.94210189]
2703,[-117.90412225   33.94371069]
2704,[-117.88850165   33.94122736]
2705,[-117.82852632   33.93756911]
2706,[-117.96107889   33.82688515]
2707,[-117.96455865   33.8209925 ]
2708,[-117.96303468   33.81396438]
2709,[-118.008347     33.80546062]
2710,[-117.97772759   33.80432696]
2711,[-117.96994371   33.80535029]
2712,[-117.98841047   33.79195862]
2713,[-118.07835877   33.79620758]
2714,[-118.08311857   33.78805729]
2715,[-118.07969634   33.7809931 ]
2716,[-117.9924123    33.89296055]
